MODE,NUM_THREADS,ALT_COST,ENTRY_COUNT,TIME_MS
TASK_PARALLEL, 1, 115, 255, 10.280426
TASK_PARALLEL, 2, 60, 255, 5.580135
TASK_PARALLEL, 3, 40, 255, 4.430426
TASK_PARALLEL, 4, 31, 255, 3.602250
TASK_PARALLEL, 5, 25, 255, 3.135569
TASK_PARALLEL, 6, 21, 255, 3.882046
TASK_PARALLEL, 7, 21, 255, 3.177673
TASK_PARALLEL, 8, 18, 255, 3.245528
TASK_PARALLEL, 9, 16, 255, 3.283199
TASK_PARALLEL, 10, 15, 255, 3.349805
TASK_PARALLEL, 11, 17, 255, 3.257381
TASK_PARALLEL, 12, 15, 255, 4.234465
TASK_PARALLEL, 1, 115, 255, 9.881268
TASK_PARALLEL, 2, 61, 255, 6.034359
TASK_PARALLEL, 3, 42, 255, 4.341873
TASK_PARALLEL, 4, 29, 255, 3.900371
TASK_PARALLEL, 5, 25, 255, 3.179934
TASK_PARALLEL, 6, 21, 255, 3.233300
TASK_PARALLEL, 7, 20, 255, 3.197111
TASK_PARALLEL, 8, 19, 255, 3.106375
TASK_PARALLEL, 9, 19, 255, 3.227545
TASK_PARALLEL, 10, 22, 255, 3.407150
TASK_PARALLEL, 11, 18, 255, 3.457040
TASK_PARALLEL, 12, 19, 255, 3.713997
TASK_PARALLEL, 1, 115, 255, 9.800065
TASK_PARALLEL, 2, 59, 255, 5.513782
TASK_PARALLEL, 3, 43, 255, 4.312993
TASK_PARALLEL, 4, 31, 255, 3.580684
TASK_PARALLEL, 5, 24, 255, 3.166778
TASK_PARALLEL, 6, 21, 255, 3.211463
TASK_PARALLEL, 7, 20, 255, 3.250267
TASK_PARALLEL, 8, 20, 255, 3.306032
TASK_PARALLEL, 9, 16, 255, 3.182600
TASK_PARALLEL, 10, 16, 255, 3.258158
TASK_PARALLEL, 11, 15, 255, 3.564052
TASK_PARALLEL, 12, 13, 255, 3.619457
TASK_PARALLEL, 1, 115, 255, 9.608352
TASK_PARALLEL, 2, 58, 255, 5.512860
TASK_PARALLEL, 3, 41, 255, 4.476939
TASK_PARALLEL, 4, 32, 255, 3.693823
TASK_PARALLEL, 5, 28, 255, 3.257469
TASK_PARALLEL, 6, 22, 255, 3.143674
TASK_PARALLEL, 7, 20, 255, 3.370189
TASK_PARALLEL, 8, 18, 255, 3.948667
TASK_PARALLEL, 9, 17, 255, 3.218542
TASK_PARALLEL, 10, 18, 255, 3.398390
TASK_PARALLEL, 11, 15, 255, 3.537339
TASK_PARALLEL, 12, 14, 255, 9.791914
TASK_PARALLEL, 1, 115, 255, 9.961311
TASK_PARALLEL, 2, 59, 255, 5.599134
TASK_PARALLEL, 3, 42, 255, 4.388873
TASK_PARALLEL, 4, 30, 255, 3.551838
TASK_PARALLEL, 5, 27, 255, 3.190615
TASK_PARALLEL, 6, 22, 255, 3.211348
TASK_PARALLEL, 7, 23, 255, 3.223497
TASK_PARALLEL, 8, 18, 255, 3.236100
TASK_PARALLEL, 9, 15, 255, 3.376039
TASK_PARALLEL, 10, 16, 255, 3.583436
TASK_PARALLEL, 11, 19, 255, 3.340705
TASK_PARALLEL, 12, 16, 255, 3.416308
TASK_PARALLEL, 1, 115, 255, 9.515765
TASK_PARALLEL, 2, 59, 255, 5.485157
TASK_PARALLEL, 3, 41, 255, 4.399833
TASK_PARALLEL, 4, 32, 255, 3.574070
TASK_PARALLEL, 5, 27, 255, 3.212099
TASK_PARALLEL, 6, 25, 255, 3.172144
TASK_PARALLEL, 7, 19, 255, 3.156058
TASK_PARALLEL, 8, 18, 255, 3.288154
TASK_PARALLEL, 9, 17, 255, 3.362741
TASK_PARALLEL, 10, 16, 255, 3.383241
TASK_PARALLEL, 11, 22, 255, 3.345819
TASK_PARALLEL, 12, 14, 255, 3.712704
TASK_PARALLEL, 1, 115, 255, 9.698622
TASK_PARALLEL, 2, 59, 255, 5.329352
TASK_PARALLEL, 3, 39, 255, 4.390821
TASK_PARALLEL, 4, 31, 255, 3.635838
TASK_PARALLEL, 5, 25, 255, 3.243940
TASK_PARALLEL, 6, 23, 255, 3.174151
TASK_PARALLEL, 7, 20, 255, 3.142819
TASK_PARALLEL, 8, 19, 255, 3.268026
TASK_PARALLEL, 9, 19, 255, 3.233507
TASK_PARALLEL, 10, 19, 255, 3.291266
TASK_PARALLEL, 11, 15, 255, 3.335089
TASK_PARALLEL, 12, 14, 255, 3.443784
TASK_PARALLEL, 1, 115, 255, 9.796047
TASK_PARALLEL, 2, 58, 255, 5.504455
TASK_PARALLEL, 3, 39, 255, 4.476483
TASK_PARALLEL, 4, 33, 255, 3.540747
TASK_PARALLEL, 5, 26, 255, 3.249776
TASK_PARALLEL, 6, 25, 255, 3.262250
TASK_PARALLEL, 7, 19, 255, 3.406082
TASK_PARALLEL, 8, 18, 255, 3.243434
TASK_PARALLEL, 9, 17, 255, 3.315371
TASK_PARALLEL, 10, 16, 255, 3.339223
TASK_PARALLEL, 11, 19, 255, 3.367902
TASK_PARALLEL, 12, 15, 255, 3.468182
TASK_PARALLEL, 1, 115, 255, 9.872252
TASK_PARALLEL, 2, 59, 255, 5.333720
TASK_PARALLEL, 3, 40, 255, 4.295059
TASK_PARALLEL, 4, 31, 255, 3.730948
TASK_PARALLEL, 5, 27, 255, 3.232363
TASK_PARALLEL, 6, 22, 255, 3.254795
TASK_PARALLEL, 7, 21, 255, 3.173862
TASK_PARALLEL, 8, 17, 255, 3.235925
TASK_PARALLEL, 9, 19, 255, 3.188419
TASK_PARALLEL, 10, 16, 255, 3.502011
TASK_PARALLEL, 11, 19, 255, 3.538406
TASK_PARALLEL, 12, 16, 255, 3.719178
TASK_PARALLEL, 1, 115, 255, 9.699083
TASK_PARALLEL, 2, 59, 255, 5.411037
TASK_PARALLEL, 3, 41, 255, 4.315914
TASK_PARALLEL, 4, 31, 255, 3.552325
TASK_PARALLEL, 5, 25, 255, 3.148830
TASK_PARALLEL, 6, 22, 255, 3.403708
TASK_PARALLEL, 7, 21, 255, 3.251505
TASK_PARALLEL, 8, 17, 255, 3.287218
TASK_PARALLEL, 9, 16, 255, 3.210611
TASK_PARALLEL, 10, 16, 255, 3.373160
TASK_PARALLEL, 11, 17, 255, 3.655001
TASK_PARALLEL, 12, 15, 255, 4.473678
TASK_PARALLEL, 1, 115, 255, 9.800589
TASK_PARALLEL, 2, 59, 255, 5.488394
TASK_PARALLEL, 3, 40, 255, 4.353165
TASK_PARALLEL, 4, 31, 255, 3.730417
TASK_PARALLEL, 5, 26, 255, 3.228827
TASK_PARALLEL, 6, 21, 255, 3.061278
TASK_PARALLEL, 7, 18, 255, 3.367114
TASK_PARALLEL, 8, 18, 255, 3.224733
TASK_PARALLEL, 9, 19, 255, 3.222804
TASK_PARALLEL, 10, 19, 255, 3.419383
TASK_PARALLEL, 11, 19, 255, 3.437282
TASK_PARALLEL, 12, 19, 255, 3.673880
TASK_PARALLEL, 1, 115, 255, 9.659561
TASK_PARALLEL, 2, 60, 255, 5.327139
TASK_PARALLEL, 3, 41, 255, 4.359972
TASK_PARALLEL, 4, 30, 255, 3.629421
TASK_PARALLEL, 5, 26, 255, 3.180229
TASK_PARALLEL, 6, 22, 255, 3.142012
TASK_PARALLEL, 7, 19, 255, 3.236505
TASK_PARALLEL, 8, 17, 255, 3.185219
TASK_PARALLEL, 9, 16, 255, 3.462000
TASK_PARALLEL, 10, 19, 255, 3.283946
TASK_PARALLEL, 11, 18, 255, 3.415235
TASK_PARALLEL, 12, 15, 255, 4.495049
TASK_PARALLEL, 1, 115, 255, 9.561683
TASK_PARALLEL, 2, 59, 255, 5.390890
TASK_PARALLEL, 3, 41, 255, 4.202622
TASK_PARALLEL, 4, 33, 255, 3.613844
TASK_PARALLEL, 5, 29, 255, 3.259224
TASK_PARALLEL, 6, 23, 255, 3.113002
TASK_PARALLEL, 7, 20, 255, 3.022560
TASK_PARALLEL, 8, 20, 255, 2.977008
TASK_PARALLEL, 9, 18, 255, 3.204481
TASK_PARALLEL, 10, 15, 255, 3.309284
TASK_PARALLEL, 11, 19, 255, 3.426311
TASK_PARALLEL, 12, 14, 255, 5.774773
TASK_PARALLEL, 1, 115, 255, 9.282233
TASK_PARALLEL, 2, 59, 255, 5.294383
TASK_PARALLEL, 3, 40, 255, 4.415990
TASK_PARALLEL, 4, 31, 255, 3.549780
TASK_PARALLEL, 5, 25, 255, 3.139512
TASK_PARALLEL, 6, 24, 255, 3.187487
TASK_PARALLEL, 7, 19, 255, 3.900395
TASK_PARALLEL, 8, 17, 255, 3.238274
TASK_PARALLEL, 9, 18, 255, 3.082238
TASK_PARALLEL, 10, 16, 255, 3.294285
TASK_PARALLEL, 11, 16, 255, 3.347732
TASK_PARALLEL, 12, 13, 255, 3.468121
TASK_PARALLEL, 1, 115, 255, 9.491008
TASK_PARALLEL, 2, 60, 255, 5.515938
TASK_PARALLEL, 3, 43, 255, 4.343634
TASK_PARALLEL, 4, 31, 255, 3.632050
TASK_PARALLEL, 5, 27, 255, 3.196330
TASK_PARALLEL, 6, 24, 255, 3.283176
TASK_PARALLEL, 7, 20, 255, 3.074477
TASK_PARALLEL, 8, 18, 255, 3.100202
TASK_PARALLEL, 9, 18, 255, 3.079799
TASK_PARALLEL, 10, 19, 255, 3.924141
TASK_PARALLEL, 11, 15, 255, 3.340428
TASK_PARALLEL, 12, 15, 255, 3.717603
TASK_PARALLEL, 1, 115, 255, 9.411428
TASK_PARALLEL, 2, 59, 255, 5.369808
TASK_PARALLEL, 3, 44, 255, 4.257936
TASK_PARALLEL, 4, 35, 255, 3.696831
TASK_PARALLEL, 5, 25, 255, 3.082605
TASK_PARALLEL, 6, 22, 255, 3.191215
TASK_PARALLEL, 7, 20, 255, 3.173958
TASK_PARALLEL, 8, 18, 255, 2.978457
TASK_PARALLEL, 9, 15, 255, 3.139048
TASK_PARALLEL, 10, 19, 255, 3.209780
TASK_PARALLEL, 11, 16, 255, 3.385274
TASK_PARALLEL, 12, 15, 255, 13.939589
TASK_PARALLEL, 1, 115, 255, 9.903807
TASK_PARALLEL, 2, 59, 255, 5.731212
TASK_PARALLEL, 3, 41, 255, 5.921335
TASK_PARALLEL, 4, 32, 255, 3.718605
TASK_PARALLEL, 5, 26, 255, 3.231892
TASK_PARALLEL, 6, 26, 255, 3.158724
TASK_PARALLEL, 7, 19, 255, 3.095844
TASK_PARALLEL, 8, 17, 255, 6.413530
TASK_PARALLEL, 9, 19, 255, 3.218332
TASK_PARALLEL, 10, 14, 255, 3.318808
TASK_PARALLEL, 11, 15, 255, 3.441260
TASK_PARALLEL, 12, 16, 255, 3.424068
TASK_PARALLEL, 1, 115, 255, 9.612070
TASK_PARALLEL, 2, 59, 255, 5.481444
TASK_PARALLEL, 3, 41, 255, 4.160399
TASK_PARALLEL, 4, 30, 255, 3.644799
TASK_PARALLEL, 5, 28, 255, 3.204595
TASK_PARALLEL, 6, 21, 255, 3.214955
TASK_PARALLEL, 7, 20, 255, 3.326096
TASK_PARALLEL, 8, 19, 255, 3.290457
TASK_PARALLEL, 9, 17, 255, 3.175725
TASK_PARALLEL, 10, 18, 255, 3.246284
TASK_PARALLEL, 11, 16, 255, 3.414338
TASK_PARALLEL, 12, 14, 255, 4.023850
TASK_PARALLEL, 1, 115, 255, 9.765425
TASK_PARALLEL, 2, 59, 255, 5.448444
TASK_PARALLEL, 3, 40, 255, 4.315398
TASK_PARALLEL, 4, 30, 255, 3.635278
TASK_PARALLEL, 5, 25, 255, 3.235478
TASK_PARALLEL, 6, 21, 255, 3.182953
TASK_PARALLEL, 7, 19, 255, 3.163497
TASK_PARALLEL, 8, 20, 255, 3.082438
TASK_PARALLEL, 9, 16, 255, 3.262350
TASK_PARALLEL, 10, 17, 255, 3.315430
TASK_PARALLEL, 11, 19, 255, 3.280042
TASK_PARALLEL, 12, 14, 255, 4.109167
TASK_PARALLEL, 1, 115, 255, 9.443999
TASK_PARALLEL, 2, 59, 255, 5.395098
TASK_PARALLEL, 3, 43, 255, 4.230920
TASK_PARALLEL, 4, 31, 255, 3.576676
TASK_PARALLEL, 5, 26, 255, 3.232484
TASK_PARALLEL, 6, 23, 255, 3.212084
TASK_PARALLEL, 7, 21, 255, 3.356213
TASK_PARALLEL, 8, 19, 255, 3.022510
TASK_PARALLEL, 9, 17, 255, 3.268481
TASK_PARALLEL, 10, 16, 255, 3.228525
TASK_PARALLEL, 11, 14, 255, 3.342071
TASK_PARALLEL, 12, 13, 255, 3.811923
TASK_PARALLEL, 1, 115, 255, 9.500978
TASK_PARALLEL, 2, 59, 255, 5.452916
TASK_PARALLEL, 3, 40, 255, 4.196368
TASK_PARALLEL, 4, 32, 255, 3.831585
TASK_PARALLEL, 5, 25, 255, 3.355932
TASK_PARALLEL, 6, 22, 255, 3.130420
TASK_PARALLEL, 7, 20, 255, 3.273330
TASK_PARALLEL, 8, 16, 255, 3.127624
TASK_PARALLEL, 9, 16, 255, 3.016206
TASK_PARALLEL, 10, 15, 255, 3.131181
TASK_PARALLEL, 11, 14, 255, 3.153458
TASK_PARALLEL, 12, 14, 255, 15.997455
TASK_PARALLEL, 1, 115, 255, 9.745354
TASK_PARALLEL, 2, 59, 255, 5.476146
TASK_PARALLEL, 3, 41, 255, 4.359213
TASK_PARALLEL, 4, 30, 255, 3.707796
TASK_PARALLEL, 5, 27, 255, 3.257311
TASK_PARALLEL, 6, 23, 255, 3.230569
TASK_PARALLEL, 7, 19, 255, 3.218416
TASK_PARALLEL, 8, 18, 255, 3.185994
TASK_PARALLEL, 9, 17, 255, 3.262470
TASK_PARALLEL, 10, 14, 255, 3.372705
TASK_PARALLEL, 11, 18, 255, 3.310641
TASK_PARALLEL, 12, 14, 255, 3.563122
TASK_PARALLEL, 1, 115, 255, 9.414283
TASK_PARALLEL, 2, 59, 255, 5.473045
TASK_PARALLEL, 3, 39, 255, 4.245426
TASK_PARALLEL, 4, 30, 255, 3.616254
TASK_PARALLEL, 5, 26, 255, 3.181448
TASK_PARALLEL, 6, 22, 255, 3.129738
TASK_PARALLEL, 7, 21, 255, 3.082909
TASK_PARALLEL, 8, 21, 255, 3.032193
TASK_PARALLEL, 9, 17, 255, 3.033371
TASK_PARALLEL, 10, 19, 255, 3.390008
TASK_PARALLEL, 11, 15, 255, 3.339080
TASK_PARALLEL, 12, 14, 255, 3.314924
TASK_PARALLEL, 1, 115, 255, 9.529541
TASK_PARALLEL, 2, 59, 255, 5.631145
TASK_PARALLEL, 3, 42, 255, 4.401782
TASK_PARALLEL, 4, 32, 255, 3.692426
TASK_PARALLEL, 5, 25, 255, 3.195805
TASK_PARALLEL, 6, 26, 255, 3.145808
TASK_PARALLEL, 7, 20, 255, 3.148424
TASK_PARALLEL, 8, 17, 255, 3.225049
TASK_PARALLEL, 9, 17, 255, 3.121732
TASK_PARALLEL, 10, 14, 255, 3.347993
TASK_PARALLEL, 11, 16, 255, 3.158673
TASK_PARALLEL, 12, 15, 255, 11.222384
TASK_PARALLEL, 1, 115, 255, 9.602740
TASK_PARALLEL, 2, 59, 255, 5.386545
TASK_PARALLEL, 3, 40, 255, 4.387614
TASK_PARALLEL, 4, 31, 255, 3.476001
TASK_PARALLEL, 5, 26, 255, 3.349025
TASK_PARALLEL, 6, 21, 255, 3.188400
TASK_PARALLEL, 7, 21, 255, 3.057001
TASK_PARALLEL, 8, 20, 255, 3.188209
TASK_PARALLEL, 9, 14, 255, 3.169454
TASK_PARALLEL, 10, 15, 255, 3.159271
TASK_PARALLEL, 11, 17, 255, 3.302146
TASK_PARALLEL, 12, 19, 255, 3.521301
TASK_PARALLEL, 1, 115, 255, 9.663601
TASK_PARALLEL, 2, 59, 255, 5.481320
TASK_PARALLEL, 3, 39, 255, 4.284119
TASK_PARALLEL, 4, 31, 255, 3.596644
TASK_PARALLEL, 5, 26, 255, 3.239106
TASK_PARALLEL, 6, 23, 255, 3.056385
TASK_PARALLEL, 7, 18, 255, 3.071353
TASK_PARALLEL, 8, 21, 255, 3.087570
TASK_PARALLEL, 9, 17, 255, 3.155644
TASK_PARALLEL, 10, 15, 255, 3.414544
TASK_PARALLEL, 11, 13, 255, 3.207436
TASK_PARALLEL, 12, 15, 255, 3.423405
TASK_PARALLEL, 1, 115, 255, 9.377342
TASK_PARALLEL, 2, 60, 255, 5.376011
TASK_PARALLEL, 3, 42, 255, 4.245386
TASK_PARALLEL, 4, 31, 255, 3.595773
TASK_PARALLEL, 5, 24, 255, 3.356738
TASK_PARALLEL, 6, 24, 255, 3.068933
TASK_PARALLEL, 7, 20, 255, 3.140654
TASK_PARALLEL, 8, 20, 255, 3.049129
TASK_PARALLEL, 9, 16, 255, 3.209754
TASK_PARALLEL, 10, 15, 255, 3.121324
TASK_PARALLEL, 11, 16, 255, 3.265267
TASK_PARALLEL, 12, 15, 255, 3.305903
TASK_PARALLEL, 1, 115, 255, 9.469077
TASK_PARALLEL, 2, 58, 255, 5.227373
TASK_PARALLEL, 3, 41, 255, 4.184400
TASK_PARALLEL, 4, 31, 255, 3.673118
TASK_PARALLEL, 5, 27, 255, 3.176566
TASK_PARALLEL, 6, 22, 255, 3.163983
TASK_PARALLEL, 7, 20, 255, 2.998519
TASK_PARALLEL, 8, 20, 255, 3.131561
TASK_PARALLEL, 9, 15, 255, 3.039025
TASK_PARALLEL, 10, 19, 255, 3.211510
TASK_PARALLEL, 11, 14, 255, 3.339813
TASK_PARALLEL, 12, 16, 255, 3.399753
TASK_PARALLEL, 1, 115, 255, 9.319393
TASK_PARALLEL, 2, 59, 255, 5.186531
TASK_PARALLEL, 3, 42, 255, 4.244914
TASK_PARALLEL, 4, 30, 255, 3.744469
TASK_PARALLEL, 5, 25, 255, 3.093440
TASK_PARALLEL, 6, 24, 255, 3.252355
TASK_PARALLEL, 7, 23, 255, 3.245788
TASK_PARALLEL, 8, 16, 255, 3.250722
TASK_PARALLEL, 9, 19, 255, 3.110726
TASK_PARALLEL, 10, 15, 255, 3.150748
TASK_PARALLEL, 11, 15, 255, 3.405116
TASK_PARALLEL, 12, 15, 255, 3.368936
TASK_PARALLEL, 1, 115, 255, 9.507562
TASK_PARALLEL, 2, 58, 255, 5.455903
TASK_PARALLEL, 3, 41, 255, 4.209721
TASK_PARALLEL, 4, 31, 255, 3.668379
TASK_PARALLEL, 5, 27, 255, 3.220571
TASK_PARALLEL, 6, 22, 255, 3.237392
TASK_PARALLEL, 7, 20, 255, 3.121092
TASK_PARALLEL, 8, 17, 255, 3.137153
TASK_PARALLEL, 9, 16, 255, 3.093128
TASK_PARALLEL, 10, 13, 255, 3.138756
TASK_PARALLEL, 11, 14, 255, 3.282848
TASK_PARALLEL, 12, 14, 255, 3.291236
TASK_PARALLEL_OPTIMIZED, 1, 115, 255, 9.417364
TASK_PARALLEL_OPTIMIZED, 2, 60, 255, 5.431463
TASK_PARALLEL_OPTIMIZED, 3, 40, 255, 4.165343
TASK_PARALLEL_OPTIMIZED, 4, 30, 255, 3.150757
TASK_PARALLEL_OPTIMIZED, 5, 25, 255, 3.082749
TASK_PARALLEL_OPTIMIZED, 6, 21, 255, 2.924970
TASK_PARALLEL_OPTIMIZED, 7, 19, 255, 2.771330
TASK_PARALLEL_OPTIMIZED, 8, 16, 255, 3.581425
TASK_PARALLEL_OPTIMIZED, 9, 15, 255, 2.890945
TASK_PARALLEL_OPTIMIZED, 10, 16, 255, 2.808247
TASK_PARALLEL_OPTIMIZED, 11, 14, 255, 3.170215
TASK_PARALLEL_OPTIMIZED, 12, 13, 255, 3.397822
TASK_PARALLEL_OPTIMIZED, 1, 115, 255, 9.360451
TASK_PARALLEL_OPTIMIZED, 2, 58, 255, 5.528870
TASK_PARALLEL_OPTIMIZED, 3, 40, 255, 3.992640
TASK_PARALLEL_OPTIMIZED, 4, 30, 255, 3.371037
TASK_PARALLEL_OPTIMIZED, 5, 25, 255, 3.030592
TASK_PARALLEL_OPTIMIZED, 6, 20, 255, 3.525590
TASK_PARALLEL_OPTIMIZED, 7, 18, 255, 2.812206
TASK_PARALLEL_OPTIMIZED, 8, 17, 255, 2.714661
TASK_PARALLEL_OPTIMIZED, 9, 17, 255, 3.058193
TASK_PARALLEL_OPTIMIZED, 10, 15, 255, 3.181732
TASK_PARALLEL_OPTIMIZED, 11, 13, 255, 3.043485
TASK_PARALLEL_OPTIMIZED, 12, 15, 255, 3.190761
TASK_PARALLEL_OPTIMIZED, 1, 115, 255, 9.304925
TASK_PARALLEL_OPTIMIZED, 2, 59, 255, 5.350732
TASK_PARALLEL_OPTIMIZED, 3, 40, 255, 4.038873
TASK_PARALLEL_OPTIMIZED, 4, 30, 255, 3.349655
TASK_PARALLEL_OPTIMIZED, 5, 25, 255, 3.166498
TASK_PARALLEL_OPTIMIZED, 6, 22, 255, 2.918999
TASK_PARALLEL_OPTIMIZED, 7, 17, 255, 2.693210
TASK_PARALLEL_OPTIMIZED, 8, 18, 255, 2.842483
TASK_PARALLEL_OPTIMIZED, 9, 15, 255, 2.863383
TASK_PARALLEL_OPTIMIZED, 10, 15, 255, 3.015472
TASK_PARALLEL_OPTIMIZED, 11, 14, 255, 3.041831
TASK_PARALLEL_OPTIMIZED, 12, 13, 255, 3.051320
TASK_PARALLEL_OPTIMIZED, 1, 115, 255, 9.720664
TASK_PARALLEL_OPTIMIZED, 2, 59, 255, 5.404149
TASK_PARALLEL_OPTIMIZED, 3, 42, 255, 4.042601
TASK_PARALLEL_OPTIMIZED, 4, 30, 255, 3.449574
TASK_PARALLEL_OPTIMIZED, 5, 27, 255, 3.088585
TASK_PARALLEL_OPTIMIZED, 6, 21, 255, 2.934332
TASK_PARALLEL_OPTIMIZED, 7, 18, 255, 2.749346
TASK_PARALLEL_OPTIMIZED, 8, 17, 255, 2.860693
TASK_PARALLEL_OPTIMIZED, 9, 15, 255, 2.736584
TASK_PARALLEL_OPTIMIZED, 10, 14, 255, 2.828187
TASK_PARALLEL_OPTIMIZED, 11, 17, 255, 2.996854
TASK_PARALLEL_OPTIMIZED, 12, 15, 255, 3.397326
TASK_PARALLEL_OPTIMIZED, 1, 115, 255, 9.276801
TASK_PARALLEL_OPTIMIZED, 2, 60, 255, 5.510625
TASK_PARALLEL_OPTIMIZED, 3, 42, 255, 4.115298
TASK_PARALLEL_OPTIMIZED, 4, 30, 255, 3.728053
TASK_PARALLEL_OPTIMIZED, 5, 26, 255, 3.273641
TASK_PARALLEL_OPTIMIZED, 6, 21, 255, 2.959320
TASK_PARALLEL_OPTIMIZED, 7, 19, 255, 3.339155
TASK_PARALLEL_OPTIMIZED, 8, 16, 255, 2.845568
TASK_PARALLEL_OPTIMIZED, 9, 14, 255, 3.021002
TASK_PARALLEL_OPTIMIZED, 10, 15, 255, 2.691693
TASK_PARALLEL_OPTIMIZED, 11, 13, 255, 3.009496
TASK_PARALLEL_OPTIMIZED, 12, 13, 255, 3.057457
TASK_PARALLEL_OPTIMIZED, 1, 115, 255, 9.183936
TASK_PARALLEL_OPTIMIZED, 2, 59, 255, 5.382533
TASK_PARALLEL_OPTIMIZED, 3, 41, 255, 4.230356
TASK_PARALLEL_OPTIMIZED, 4, 33, 255, 3.439786
TASK_PARALLEL_OPTIMIZED, 5, 27, 255, 3.116864
TASK_PARALLEL_OPTIMIZED, 6, 23, 255, 3.079493
TASK_PARALLEL_OPTIMIZED, 7, 20, 255, 2.791938
TASK_PARALLEL_OPTIMIZED, 8, 17, 255, 2.950488
TASK_PARALLEL_OPTIMIZED, 9, 14, 255, 2.867151
TASK_PARALLEL_OPTIMIZED, 10, 15, 255, 2.893140
TASK_PARALLEL_OPTIMIZED, 11, 14, 255, 2.850913
TASK_PARALLEL_OPTIMIZED, 12, 12, 255, 3.233946
TASK_PARALLEL_OPTIMIZED, 1, 115, 255, 9.407942
TASK_PARALLEL_OPTIMIZED, 2, 60, 255, 5.196553
TASK_PARALLEL_OPTIMIZED, 3, 41, 255, 4.145519
TASK_PARALLEL_OPTIMIZED, 4, 31, 255, 3.499605
TASK_PARALLEL_OPTIMIZED, 5, 25, 255, 2.910558
TASK_PARALLEL_OPTIMIZED, 6, 24, 255, 3.006895
TASK_PARALLEL_OPTIMIZED, 7, 18, 255, 2.899270
TASK_PARALLEL_OPTIMIZED, 8, 17, 255, 2.909540
TASK_PARALLEL_OPTIMIZED, 9, 15, 255, 2.861404
TASK_PARALLEL_OPTIMIZED, 10, 14, 255, 2.733977
TASK_PARALLEL_OPTIMIZED, 11, 15, 255, 3.168427
TASK_PARALLEL_OPTIMIZED, 12, 13, 255, 2.990244
TASK_PARALLEL_OPTIMIZED, 1, 115, 255, 9.409123
TASK_PARALLEL_OPTIMIZED, 2, 59, 255, 5.391892
TASK_PARALLEL_OPTIMIZED, 3, 42, 255, 3.973902
TASK_PARALLEL_OPTIMIZED, 4, 31, 255, 3.536970
TASK_PARALLEL_OPTIMIZED, 5, 26, 255, 3.113501
TASK_PARALLEL_OPTIMIZED, 6, 21, 255, 2.975294
TASK_PARALLEL_OPTIMIZED, 7, 19, 255, 2.921813
TASK_PARALLEL_OPTIMIZED, 8, 17, 255, 2.606035
TASK_PARALLEL_OPTIMIZED, 9, 14, 255, 2.967711
TASK_PARALLEL_OPTIMIZED, 10, 15, 255, 2.794652
TASK_PARALLEL_OPTIMIZED, 11, 15, 255, 2.843646
TASK_PARALLEL_OPTIMIZED, 12, 13, 255, 3.059436
TASK_PARALLEL_OPTIMIZED, 1, 115, 255, 9.375138
TASK_PARALLEL_OPTIMIZED, 2, 59, 255, 5.405581
TASK_PARALLEL_OPTIMIZED, 3, 40, 255, 4.087175
TASK_PARALLEL_OPTIMIZED, 4, 30, 255, 3.529236
TASK_PARALLEL_OPTIMIZED, 5, 25, 255, 3.084858
TASK_PARALLEL_OPTIMIZED, 6, 21, 255, 2.943416
TASK_PARALLEL_OPTIMIZED, 7, 18, 255, 2.825772
TASK_PARALLEL_OPTIMIZED, 8, 16, 255, 2.908144
TASK_PARALLEL_OPTIMIZED, 9, 15, 255, 2.715713
TASK_PARALLEL_OPTIMIZED, 10, 15, 255, 2.877259
TASK_PARALLEL_OPTIMIZED, 11, 13, 255, 3.714503
TASK_PARALLEL_OPTIMIZED, 12, 13, 255, 3.380344
TASK_PARALLEL_OPTIMIZED, 1, 115, 255, 9.348569
TASK_PARALLEL_OPTIMIZED, 2, 58, 255, 5.505747
TASK_PARALLEL_OPTIMIZED, 3, 41, 255, 3.920538
TASK_PARALLEL_OPTIMIZED, 4, 30, 255, 3.267110
TASK_PARALLEL_OPTIMIZED, 5, 24, 255, 3.375935
TASK_PARALLEL_OPTIMIZED, 6, 21, 255, 2.762336
TASK_PARALLEL_OPTIMIZED, 7, 19, 255, 2.937323
TASK_PARALLEL_OPTIMIZED, 8, 16, 255, 2.647668
TASK_PARALLEL_OPTIMIZED, 9, 16, 255, 3.003621
TASK_PARALLEL_OPTIMIZED, 10, 14, 255, 3.732467
TASK_PARALLEL_OPTIMIZED, 11, 13, 255, 3.180495
TASK_PARALLEL_OPTIMIZED, 12, 16, 255, 2.913929
TASK_PARALLEL_OPTIMIZED, 1, 115, 255, 9.300547
TASK_PARALLEL_OPTIMIZED, 2, 59, 255, 5.346384
TASK_PARALLEL_OPTIMIZED, 3, 41, 255, 4.030021
TASK_PARALLEL_OPTIMIZED, 4, 32, 255, 3.407656
TASK_PARALLEL_OPTIMIZED, 5, 27, 255, 3.245177
TASK_PARALLEL_OPTIMIZED, 6, 21, 255, 3.039442
TASK_PARALLEL_OPTIMIZED, 7, 18, 255, 2.652173
TASK_PARALLEL_OPTIMIZED, 8, 16, 255, 2.981518
TASK_PARALLEL_OPTIMIZED, 9, 15, 255, 2.848745
TASK_PARALLEL_OPTIMIZED, 10, 13, 255, 2.776753
TASK_PARALLEL_OPTIMIZED, 11, 12, 255, 3.098844
TASK_PARALLEL_OPTIMIZED, 12, 12, 255, 2.894562
TASK_PARALLEL_OPTIMIZED, 1, 115, 255, 9.287716
TASK_PARALLEL_OPTIMIZED, 2, 59, 255, 5.400297
TASK_PARALLEL_OPTIMIZED, 3, 40, 255, 4.182581
TASK_PARALLEL_OPTIMIZED, 4, 30, 255, 3.459969
TASK_PARALLEL_OPTIMIZED, 5, 26, 255, 3.564704
TASK_PARALLEL_OPTIMIZED, 6, 21, 255, 3.106995
TASK_PARALLEL_OPTIMIZED, 7, 19, 255, 2.926297
TASK_PARALLEL_OPTIMIZED, 8, 16, 255, 2.693766
TASK_PARALLEL_OPTIMIZED, 9, 16, 255, 3.061173
TASK_PARALLEL_OPTIMIZED, 10, 14, 255, 3.028090
TASK_PARALLEL_OPTIMIZED, 11, 14, 255, 3.102076
TASK_PARALLEL_OPTIMIZED, 12, 13, 255, 3.211164
TASK_PARALLEL_OPTIMIZED, 1, 115, 255, 9.462810
TASK_PARALLEL_OPTIMIZED, 2, 60, 255, 5.265432
TASK_PARALLEL_OPTIMIZED, 3, 40, 255, 4.013587
TASK_PARALLEL_OPTIMIZED, 4, 30, 255, 3.507700
TASK_PARALLEL_OPTIMIZED, 5, 25, 255, 3.695112
TASK_PARALLEL_OPTIMIZED, 6, 21, 255, 2.852673
TASK_PARALLEL_OPTIMIZED, 7, 18, 255, 3.034326
TASK_PARALLEL_OPTIMIZED, 8, 17, 255, 2.750022
TASK_PARALLEL_OPTIMIZED, 9, 15, 255, 2.884677
TASK_PARALLEL_OPTIMIZED, 10, 13, 255, 2.957746
TASK_PARALLEL_OPTIMIZED, 11, 14, 255, 3.305150
TASK_PARALLEL_OPTIMIZED, 12, 14, 255, 3.195659
TASK_PARALLEL_OPTIMIZED, 1, 115, 255, 9.252777
TASK_PARALLEL_OPTIMIZED, 2, 59, 255, 5.339350
TASK_PARALLEL_OPTIMIZED, 3, 41, 255, 4.231639
TASK_PARALLEL_OPTIMIZED, 4, 33, 255, 3.402025
TASK_PARALLEL_OPTIMIZED, 5, 25, 255, 3.367926
TASK_PARALLEL_OPTIMIZED, 6, 21, 255, 2.917771
TASK_PARALLEL_OPTIMIZED, 7, 19, 255, 2.994267
TASK_PARALLEL_OPTIMIZED, 8, 16, 255, 2.824859
TASK_PARALLEL_OPTIMIZED, 9, 14, 255, 2.843064
TASK_PARALLEL_OPTIMIZED, 10, 15, 255, 2.806695
TASK_PARALLEL_OPTIMIZED, 11, 12, 255, 3.341637
TASK_PARALLEL_OPTIMIZED, 12, 13, 255, 2.903580
TASK_PARALLEL_OPTIMIZED, 1, 115, 255, 9.817412
TASK_PARALLEL_OPTIMIZED, 2, 58, 255, 5.508803
TASK_PARALLEL_OPTIMIZED, 3, 40, 255, 3.991328
TASK_PARALLEL_OPTIMIZED, 4, 30, 255, 3.558853
TASK_PARALLEL_OPTIMIZED, 5, 24, 255, 3.101910
TASK_PARALLEL_OPTIMIZED, 6, 21, 255, 2.887128
TASK_PARALLEL_OPTIMIZED, 7, 19, 255, 3.026543
TASK_PARALLEL_OPTIMIZED, 8, 17, 255, 2.891201
TASK_PARALLEL_OPTIMIZED, 9, 15, 255, 2.856415
TASK_PARALLEL_OPTIMIZED, 10, 17, 255, 2.933207
TASK_PARALLEL_OPTIMIZED, 11, 15, 255, 2.860387
TASK_PARALLEL_OPTIMIZED, 12, 14, 255, 3.444435
TASK_PARALLEL_OPTIMIZED, 1, 115, 255, 9.355260
TASK_PARALLEL_OPTIMIZED, 2, 59, 255, 5.365220
TASK_PARALLEL_OPTIMIZED, 3, 41, 255, 4.258250
TASK_PARALLEL_OPTIMIZED, 4, 32, 255, 3.581159
TASK_PARALLEL_OPTIMIZED, 5, 27, 255, 3.374747
TASK_PARALLEL_OPTIMIZED, 6, 22, 255, 2.862892
TASK_PARALLEL_OPTIMIZED, 7, 17, 255, 2.768844
TASK_PARALLEL_OPTIMIZED, 8, 17, 255, 2.590395
TASK_PARALLEL_OPTIMIZED, 9, 16, 255, 2.852076
TASK_PARALLEL_OPTIMIZED, 10, 14, 255, 2.881958
TASK_PARALLEL_OPTIMIZED, 11, 17, 255, 3.196534
TASK_PARALLEL_OPTIMIZED, 12, 13, 255, 3.252263
TASK_PARALLEL_OPTIMIZED, 1, 115, 255, 9.248632
TASK_PARALLEL_OPTIMIZED, 2, 59, 255, 5.462916
TASK_PARALLEL_OPTIMIZED, 3, 41, 255, 4.093807
TASK_PARALLEL_OPTIMIZED, 4, 31, 255, 3.496315
TASK_PARALLEL_OPTIMIZED, 5, 25, 255, 3.381647
TASK_PARALLEL_OPTIMIZED, 6, 20, 255, 3.022395
TASK_PARALLEL_OPTIMIZED, 7, 19, 255, 2.680456
TASK_PARALLEL_OPTIMIZED, 8, 16, 255, 2.751410
TASK_PARALLEL_OPTIMIZED, 9, 15, 255, 3.026502
TASK_PARALLEL_OPTIMIZED, 10, 15, 255, 2.934417
TASK_PARALLEL_OPTIMIZED, 11, 13, 255, 3.253448
TASK_PARALLEL_OPTIMIZED, 12, 14, 255, 2.812071
TASK_PARALLEL_OPTIMIZED, 1, 115, 255, 9.180259
TASK_PARALLEL_OPTIMIZED, 2, 59, 255, 5.989151
TASK_PARALLEL_OPTIMIZED, 3, 41, 255, 5.024174
TASK_PARALLEL_OPTIMIZED, 4, 33, 255, 3.830127
TASK_PARALLEL_OPTIMIZED, 5, 24, 255, 3.074950
TASK_PARALLEL_OPTIMIZED, 6, 22, 255, 3.059098
TASK_PARALLEL_OPTIMIZED, 7, 18, 255, 2.845758
TASK_PARALLEL_OPTIMIZED, 8, 16, 255, 3.824963
TASK_PARALLEL_OPTIMIZED, 9, 15, 255, 2.727104
TASK_PARALLEL_OPTIMIZED, 10, 14, 255, 3.098755
TASK_PARALLEL_OPTIMIZED, 11, 12, 255, 2.908773
TASK_PARALLEL_OPTIMIZED, 12, 13, 255, 3.238149
TASK_PARALLEL_OPTIMIZED, 1, 115, 255, 9.401834
TASK_PARALLEL_OPTIMIZED, 2, 59, 255, 5.189567
TASK_PARALLEL_OPTIMIZED, 3, 40, 255, 3.950567
TASK_PARALLEL_OPTIMIZED, 4, 30, 255, 3.467231
TASK_PARALLEL_OPTIMIZED, 5, 26, 255, 3.105166
TASK_PARALLEL_OPTIMIZED, 6, 22, 255, 7.602189
TASK_PARALLEL_OPTIMIZED, 7, 20, 255, 2.737865
TASK_PARALLEL_OPTIMIZED, 8, 16, 255, 2.832018
TASK_PARALLEL_OPTIMIZED, 9, 17, 255, 2.810213
TASK_PARALLEL_OPTIMIZED, 10, 13, 255, 2.862126
TASK_PARALLEL_OPTIMIZED, 11, 14, 255, 2.908840
TASK_PARALLEL_OPTIMIZED, 12, 14, 255, 2.747409
TASK_PARALLEL_OPTIMIZED, 1, 115, 255, 9.525623
TASK_PARALLEL_OPTIMIZED, 2, 60, 255, 5.657900
TASK_PARALLEL_OPTIMIZED, 3, 39, 255, 4.094158
TASK_PARALLEL_OPTIMIZED, 4, 30, 255, 3.373000
TASK_PARALLEL_OPTIMIZED, 5, 24, 255, 3.171248
TASK_PARALLEL_OPTIMIZED, 6, 21, 255, 3.087613
TASK_PARALLEL_OPTIMIZED, 7, 18, 255, 2.790545
TASK_PARALLEL_OPTIMIZED, 8, 16, 255, 2.821874
TASK_PARALLEL_OPTIMIZED, 9, 16, 255, 2.755938
TASK_PARALLEL_OPTIMIZED, 10, 14, 255, 2.683346
TASK_PARALLEL_OPTIMIZED, 11, 15, 255, 2.802122
TASK_PARALLEL_OPTIMIZED, 12, 14, 255, 3.009371
TASK_PARALLEL_OPTIMIZED, 1, 115, 255, 9.371471
TASK_PARALLEL_OPTIMIZED, 2, 60, 255, 5.530630
TASK_PARALLEL_OPTIMIZED, 3, 40, 255, 4.136783
TASK_PARALLEL_OPTIMIZED, 4, 30, 255, 3.420650
TASK_PARALLEL_OPTIMIZED, 5, 26, 255, 2.835970
TASK_PARALLEL_OPTIMIZED, 6, 22, 255, 2.916447
TASK_PARALLEL_OPTIMIZED, 7, 18, 255, 2.921377
TASK_PARALLEL_OPTIMIZED, 8, 17, 255, 2.649733
TASK_PARALLEL_OPTIMIZED, 9, 15, 255, 2.655263
TASK_PARALLEL_OPTIMIZED, 10, 14, 255, 2.983812
TASK_PARALLEL_OPTIMIZED, 11, 13, 255, 3.313713
TASK_PARALLEL_OPTIMIZED, 12, 12, 255, 3.380608
TASK_PARALLEL_OPTIMIZED, 1, 115, 255, 9.428449
TASK_PARALLEL_OPTIMIZED, 2, 60, 255, 5.145363
TASK_PARALLEL_OPTIMIZED, 3, 40, 255, 4.111791
TASK_PARALLEL_OPTIMIZED, 4, 30, 255, 3.508521
TASK_PARALLEL_OPTIMIZED, 5, 24, 255, 3.124683
TASK_PARALLEL_OPTIMIZED, 6, 21, 255, 2.938185
TASK_PARALLEL_OPTIMIZED, 7, 20, 255, 2.939673
TASK_PARALLEL_OPTIMIZED, 8, 16, 255, 2.921534
TASK_PARALLEL_OPTIMIZED, 9, 15, 255, 2.943124
TASK_PARALLEL_OPTIMIZED, 10, 15, 255, 2.858545
TASK_PARALLEL_OPTIMIZED, 11, 14, 255, 3.185499
TASK_PARALLEL_OPTIMIZED, 12, 15, 255, 3.556529
TASK_PARALLEL_OPTIMIZED, 1, 115, 255, 9.447067
TASK_PARALLEL_OPTIMIZED, 2, 59, 255, 5.462515
TASK_PARALLEL_OPTIMIZED, 3, 41, 255, 3.963239
TASK_PARALLEL_OPTIMIZED, 4, 30, 255, 3.694192
TASK_PARALLEL_OPTIMIZED, 5, 24, 255, 3.282371
TASK_PARALLEL_OPTIMIZED, 6, 20, 255, 3.017315
TASK_PARALLEL_OPTIMIZED, 7, 19, 255, 2.763113
TASK_PARALLEL_OPTIMIZED, 8, 18, 255, 2.983481
TASK_PARALLEL_OPTIMIZED, 9, 16, 255, 2.698941
TASK_PARALLEL_OPTIMIZED, 10, 13, 255, 2.837349
TASK_PARALLEL_OPTIMIZED, 11, 14, 255, 3.025460
TASK_PARALLEL_OPTIMIZED, 12, 13, 255, 3.972447
TASK_PARALLEL_OPTIMIZED, 1, 115, 255, 9.710199
TASK_PARALLEL_OPTIMIZED, 2, 60, 255, 5.194999
TASK_PARALLEL_OPTIMIZED, 3, 40, 255, 4.130338
TASK_PARALLEL_OPTIMIZED, 4, 30, 255, 3.432418
TASK_PARALLEL_OPTIMIZED, 5, 24, 255, 2.902016
TASK_PARALLEL_OPTIMIZED, 6, 21, 255, 2.911828
TASK_PARALLEL_OPTIMIZED, 7, 19, 255, 2.858669
TASK_PARALLEL_OPTIMIZED, 8, 16, 255, 2.866333
TASK_PARALLEL_OPTIMIZED, 9, 15, 255, 2.786392
TASK_PARALLEL_OPTIMIZED, 10, 13, 255, 3.093279
TASK_PARALLEL_OPTIMIZED, 11, 15, 255, 2.886156
TASK_PARALLEL_OPTIMIZED, 12, 15, 255, 2.902608
TASK_PARALLEL_OPTIMIZED, 1, 115, 255, 9.460470
TASK_PARALLEL_OPTIMIZED, 2, 60, 255, 5.625514
TASK_PARALLEL_OPTIMIZED, 3, 39, 255, 4.043933
TASK_PARALLEL_OPTIMIZED, 4, 31, 255, 3.471913
TASK_PARALLEL_OPTIMIZED, 5, 26, 255, 3.019714
TASK_PARALLEL_OPTIMIZED, 6, 21, 255, 3.063573
TASK_PARALLEL_OPTIMIZED, 7, 19, 255, 2.717562
TASK_PARALLEL_OPTIMIZED, 8, 19, 255, 3.059611
TASK_PARALLEL_OPTIMIZED, 9, 15, 255, 2.798029
TASK_PARALLEL_OPTIMIZED, 10, 14, 255, 3.074153
TASK_PARALLEL_OPTIMIZED, 11, 17, 255, 3.204751
TASK_PARALLEL_OPTIMIZED, 12, 13, 255, 3.342021
TASK_PARALLEL_OPTIMIZED, 1, 115, 255, 9.304625
TASK_PARALLEL_OPTIMIZED, 2, 60, 255, 5.434171
TASK_PARALLEL_OPTIMIZED, 3, 41, 255, 3.919841
TASK_PARALLEL_OPTIMIZED, 4, 32, 255, 3.507565
TASK_PARALLEL_OPTIMIZED, 5, 27, 255, 3.356478
TASK_PARALLEL_OPTIMIZED, 6, 22, 255, 2.933201
TASK_PARALLEL_OPTIMIZED, 7, 21, 255, 2.815832
TASK_PARALLEL_OPTIMIZED, 8, 15, 255, 2.706465
TASK_PARALLEL_OPTIMIZED, 9, 15, 255, 2.683671
TASK_PARALLEL_OPTIMIZED, 10, 15, 255, 3.125280
TASK_PARALLEL_OPTIMIZED, 11, 12, 255, 2.968374
TASK_PARALLEL_OPTIMIZED, 12, 12, 255, 3.098631
TASK_PARALLEL_OPTIMIZED, 1, 115, 255, 9.144321
TASK_PARALLEL_OPTIMIZED, 2, 59, 255, 5.315276
TASK_PARALLEL_OPTIMIZED, 3, 40, 255, 4.080122
TASK_PARALLEL_OPTIMIZED, 4, 32, 255, 3.355987
TASK_PARALLEL_OPTIMIZED, 5, 27, 255, 3.179893
TASK_PARALLEL_OPTIMIZED, 6, 21, 255, 2.749266
TASK_PARALLEL_OPTIMIZED, 7, 19, 255, 2.700439
TASK_PARALLEL_OPTIMIZED, 8, 16, 255, 2.987198
TASK_PARALLEL_OPTIMIZED, 9, 14, 255, 2.756851
TASK_PARALLEL_OPTIMIZED, 10, 13, 255, 2.931576
TASK_PARALLEL_OPTIMIZED, 11, 13, 255, 2.902713
TASK_PARALLEL_OPTIMIZED, 12, 15, 255, 3.145313
TASK_PARALLEL_OPTIMIZED, 1, 115, 255, 9.248148
TASK_PARALLEL_OPTIMIZED, 2, 60, 255, 5.089126
TASK_PARALLEL_OPTIMIZED, 3, 42, 255, 4.011413
TASK_PARALLEL_OPTIMIZED, 4, 32, 255, 3.430515
TASK_PARALLEL_OPTIMIZED, 5, 27, 255, 3.041471
TASK_PARALLEL_OPTIMIZED, 6, 23, 255, 2.916788
TASK_PARALLEL_OPTIMIZED, 7, 18, 255, 2.802998
TASK_PARALLEL_OPTIMIZED, 8, 16, 255, 2.884463
TASK_PARALLEL_OPTIMIZED, 9, 14, 255, 3.147757
TASK_PARALLEL_OPTIMIZED, 10, 14, 255, 3.127274
TASK_PARALLEL_OPTIMIZED, 11, 13, 255, 3.247481
TASK_PARALLEL_OPTIMIZED, 12, 13, 255, 11.158452
TASK_PARALLEL_OPTIMIZED, 1, 115, 255, 9.508732
TASK_PARALLEL_OPTIMIZED, 2, 60, 255, 5.481556
TASK_PARALLEL_OPTIMIZED, 3, 42, 255, 4.079871
TASK_PARALLEL_OPTIMIZED, 4, 32, 255, 3.583289
TASK_PARALLEL_OPTIMIZED, 5, 27, 255, 3.221558
TASK_PARALLEL_OPTIMIZED, 6, 20, 255, 3.089181
TASK_PARALLEL_OPTIMIZED, 7, 18, 255, 3.035660
TASK_PARALLEL_OPTIMIZED, 8, 16, 255, 2.749812
TASK_PARALLEL_OPTIMIZED, 9, 15, 255, 2.701952
TASK_PARALLEL_OPTIMIZED, 10, 18, 255, 2.960597
TASK_PARALLEL_OPTIMIZED, 11, 15, 255, 3.145905
TASK_PARALLEL_OPTIMIZED, 12, 14, 255, 3.090244
TASK_PARALLEL_OPTIMIZED, 1, 115, 255, 9.616877
TASK_PARALLEL_OPTIMIZED, 2, 59, 255, 5.503082
TASK_PARALLEL_OPTIMIZED, 3, 42, 255, 4.084699
TASK_PARALLEL_OPTIMIZED, 4, 30, 255, 3.377978
TASK_PARALLEL_OPTIMIZED, 5, 25, 255, 3.082694
TASK_PARALLEL_OPTIMIZED, 6, 21, 255, 3.041847
TASK_PARALLEL_OPTIMIZED, 7, 19, 255, 2.766123
TASK_PARALLEL_OPTIMIZED, 8, 17, 255, 2.806801
TASK_PARALLEL_OPTIMIZED, 9, 15, 255, 2.828818
TASK_PARALLEL_OPTIMIZED, 10, 13, 255, 2.783834
TASK_PARALLEL_OPTIMIZED, 11, 13, 255, 2.923649
TASK_PARALLEL_OPTIMIZED, 12, 14, 255, 3.061594
