MODE,PROBLEM_SCALE,NUM_THREADS,TIME_MS
COMP_BOUND_SERIAL,10000, 1, 354.689654
COMP_BOUND_THREAD,10000, 1, 351.349505
COMP_BOUND_THREAD,10000, 2, 176.000297
COMP_BOUND_THREAD,10000, 3, 116.272654
COMP_BOUND_THREAD,10000, 4, 95.735299
COMP_BOUND_THREAD,10000, 5, 72.826367
COMP_BOUND_THREAD,10000, 6, 62.839082
COMP_BOUND_THREAD,10000, 7, 57.211590
COMP_BOUND_THREAD,10000, 8, 50.466234
COMP_BOUND_THREAD,10000, 9, 40.863412
COMP_BOUND_THREAD,10000, 10, 38.300543
COMP_BOUND_THREAD,10000, 11, 37.463405
COMP_BOUND_THREAD,10000, 12, 38.287426
COMP_BOUND_SERIAL,10000, 1, 357.415439
COMP_BOUND_THREAD,10000, 1, 339.751507
COMP_BOUND_THREAD,10000, 2, 174.104055
COMP_BOUND_THREAD,10000, 3, 122.789140
COMP_BOUND_THREAD,10000, 4, 93.398422
COMP_BOUND_THREAD,10000, 5, 78.117186
COMP_BOUND_THREAD,10000, 6, 62.563514
COMP_BOUND_THREAD,10000, 7, 59.463691
COMP_BOUND_THREAD,10000, 8, 49.551252
COMP_BOUND_THREAD,10000, 9, 42.647450
COMP_BOUND_THREAD,10000, 10, 38.775961
COMP_BOUND_THREAD,10000, 11, 36.668128
COMP_BOUND_THREAD,10000, 12, 30.880752
COMP_BOUND_SERIAL,10000, 1, 335.682314
COMP_BOUND_THREAD,10000, 1, 336.927958
COMP_BOUND_THREAD,10000, 2, 170.412031
COMP_BOUND_THREAD,10000, 3, 115.792081
COMP_BOUND_THREAD,10000, 4, 96.760965
COMP_BOUND_THREAD,10000, 5, 75.449140
COMP_BOUND_THREAD,10000, 6, 64.825364
COMP_BOUND_THREAD,10000, 7, 55.478348
COMP_BOUND_THREAD,10000, 8, 46.633387
COMP_BOUND_THREAD,10000, 9, 43.001402
COMP_BOUND_THREAD,10000, 10, 37.367201
COMP_BOUND_THREAD,10000, 11, 36.486420
COMP_BOUND_THREAD,10000, 12, 32.353241
COMP_BOUND_SERIAL,10000, 1, 335.559447
COMP_BOUND_THREAD,10000, 1, 335.510750
COMP_BOUND_THREAD,10000, 2, 179.384967
COMP_BOUND_THREAD,10000, 3, 114.455785
COMP_BOUND_THREAD,10000, 4, 89.078692
COMP_BOUND_THREAD,10000, 5, 73.558744
COMP_BOUND_THREAD,10000, 6, 60.357529
COMP_BOUND_THREAD,10000, 7, 56.775995
COMP_BOUND_THREAD,10000, 8, 47.793656
COMP_BOUND_THREAD,10000, 9, 41.456701
COMP_BOUND_THREAD,10000, 10, 37.719791
COMP_BOUND_THREAD,10000, 11, 36.411637
COMP_BOUND_THREAD,10000, 12, 30.521554
COMP_BOUND_SERIAL,10000, 1, 339.328674
COMP_BOUND_THREAD,10000, 1, 334.951255
COMP_BOUND_THREAD,10000, 2, 174.130499
COMP_BOUND_THREAD,10000, 3, 119.956431
COMP_BOUND_THREAD,10000, 4, 87.055195
COMP_BOUND_THREAD,10000, 5, 75.168098
COMP_BOUND_THREAD,10000, 6, 62.409675
COMP_BOUND_THREAD,10000, 7, 55.634173
COMP_BOUND_THREAD,10000, 8, 47.415869
COMP_BOUND_THREAD,10000, 9, 42.828211
COMP_BOUND_THREAD,10000, 10, 38.623501
COMP_BOUND_THREAD,10000, 11, 35.714428
COMP_BOUND_THREAD,10000, 12, 30.583326
COMP_BOUND_SERIAL,10000, 1, 335.172878
COMP_BOUND_THREAD,10000, 1, 335.884209
COMP_BOUND_THREAD,10000, 2, 172.586086
COMP_BOUND_THREAD,10000, 3, 119.577889
COMP_BOUND_THREAD,10000, 4, 84.442182
COMP_BOUND_THREAD,10000, 5, 77.536746
COMP_BOUND_THREAD,10000, 6, 65.630130
COMP_BOUND_THREAD,10000, 7, 58.348522
COMP_BOUND_THREAD,10000, 8, 48.321219
COMP_BOUND_THREAD,10000, 9, 42.144086
COMP_BOUND_THREAD,10000, 10, 37.698310
COMP_BOUND_THREAD,10000, 11, 34.389374
COMP_BOUND_THREAD,10000, 12, 30.185238
COMP_BOUND_SERIAL,10000, 1, 334.298210
COMP_BOUND_THREAD,10000, 1, 334.689662
COMP_BOUND_THREAD,10000, 2, 167.917798
COMP_BOUND_THREAD,10000, 3, 120.276866
COMP_BOUND_THREAD,10000, 4, 92.539573
COMP_BOUND_THREAD,10000, 5, 74.059040
COMP_BOUND_THREAD,10000, 6, 65.074931
COMP_BOUND_THREAD,10000, 7, 53.789703
COMP_BOUND_THREAD,10000, 8, 45.333363
COMP_BOUND_THREAD,10000, 9, 42.780772
COMP_BOUND_THREAD,10000, 10, 36.679025
COMP_BOUND_THREAD,10000, 11, 36.177072
COMP_BOUND_THREAD,10000, 12, 30.555554
COMP_BOUND_SERIAL,10000, 1, 333.464361
COMP_BOUND_THREAD,10000, 1, 334.553854
COMP_BOUND_THREAD,10000, 2, 166.991942
COMP_BOUND_THREAD,10000, 3, 114.097262
COMP_BOUND_THREAD,10000, 4, 96.390797
COMP_BOUND_THREAD,10000, 5, 71.835242
COMP_BOUND_THREAD,10000, 6, 63.813372
COMP_BOUND_THREAD,10000, 7, 56.614662
COMP_BOUND_THREAD,10000, 8, 51.082405
COMP_BOUND_THREAD,10000, 9, 41.307090
COMP_BOUND_THREAD,10000, 10, 39.657136
COMP_BOUND_THREAD,10000, 11, 34.618787
COMP_BOUND_THREAD,10000, 12, 30.958860
COMP_BOUND_SERIAL,10000, 1, 336.343610
COMP_BOUND_THREAD,10000, 1, 340.548142
COMP_BOUND_THREAD,10000, 2, 167.377942
COMP_BOUND_THREAD,10000, 3, 112.978798
COMP_BOUND_THREAD,10000, 4, 89.856774
COMP_BOUND_THREAD,10000, 5, 74.691571
COMP_BOUND_THREAD,10000, 6, 65.420424
COMP_BOUND_THREAD,10000, 7, 54.519551
COMP_BOUND_THREAD,10000, 8, 49.902780
COMP_BOUND_THREAD,10000, 9, 45.377127
COMP_BOUND_THREAD,10000, 10, 38.715931
COMP_BOUND_THREAD,10000, 11, 36.220612
COMP_BOUND_THREAD,10000, 12, 30.984496
COMP_BOUND_SERIAL,10000, 1, 335.953677
COMP_BOUND_THREAD,10000, 1, 333.927082
COMP_BOUND_THREAD,10000, 2, 168.631442
COMP_BOUND_THREAD,10000, 3, 120.344726
COMP_BOUND_THREAD,10000, 4, 90.529760
COMP_BOUND_THREAD,10000, 5, 76.671310
COMP_BOUND_THREAD,10000, 6, 65.885712
COMP_BOUND_THREAD,10000, 7, 53.387285
COMP_BOUND_THREAD,10000, 8, 47.653272
COMP_BOUND_THREAD,10000, 9, 42.396773
COMP_BOUND_THREAD,10000, 10, 38.706042
COMP_BOUND_THREAD,10000, 11, 34.752255
COMP_BOUND_THREAD,10000, 12, 32.999081
MEMO_BOUND_SERIAL,100000, 1, 0.169487
MEMO_BOUND_THREAD,100000, 1, 0.150361
MEMO_BOUND_THREAD,100000, 2, 0.131830
MEMO_BOUND_THREAD,100000, 3, 0.128533
MEMO_BOUND_THREAD,100000, 4, 0.151125
MEMO_BOUND_THREAD,100000, 5, 0.171115
MEMO_BOUND_THREAD,100000, 6, 0.249797
MEMO_BOUND_THREAD,100000, 7, 0.221007
MEMO_BOUND_THREAD,100000, 8, 0.313452
MEMO_BOUND_THREAD,100000, 9, 0.290283
MEMO_BOUND_THREAD,100000, 10, 0.382271
MEMO_BOUND_THREAD,100000, 11, 0.351158
MEMO_BOUND_THREAD,100000, 12, 1.435083
MEMO_BOUND_SERIAL,100000, 1, 0.135295
MEMO_BOUND_THREAD,100000, 1, 0.135534
MEMO_BOUND_THREAD,100000, 2, 0.133876
MEMO_BOUND_THREAD,100000, 3, 0.138354
MEMO_BOUND_THREAD,100000, 4, 0.157193
MEMO_BOUND_THREAD,100000, 5, 0.215695
MEMO_BOUND_THREAD,100000, 6, 0.318894
MEMO_BOUND_THREAD,100000, 7, 0.219508
MEMO_BOUND_THREAD,100000, 8, 0.252508
MEMO_BOUND_THREAD,100000, 9, 0.327842
MEMO_BOUND_THREAD,100000, 10, 0.314972
MEMO_BOUND_THREAD,100000, 11, 0.383156
MEMO_BOUND_THREAD,100000, 12, 0.371884
MEMO_BOUND_SERIAL,100000, 1, 0.135316
MEMO_BOUND_THREAD,100000, 1, 0.169031
MEMO_BOUND_THREAD,100000, 2, 0.127441
MEMO_BOUND_THREAD,100000, 3, 0.140807
MEMO_BOUND_THREAD,100000, 4, 0.180610
MEMO_BOUND_THREAD,100000, 5, 0.195366
MEMO_BOUND_THREAD,100000, 6, 0.236946
MEMO_BOUND_THREAD,100000, 7, 0.311427
MEMO_BOUND_THREAD,100000, 8, 0.292757
MEMO_BOUND_THREAD,100000, 9, 0.338647
MEMO_BOUND_THREAD,100000, 10, 0.319867
MEMO_BOUND_THREAD,100000, 11, 0.390654
MEMO_BOUND_THREAD,100000, 12, 0.443813
MEMO_BOUND_SERIAL,100000, 1, 0.135197
MEMO_BOUND_THREAD,100000, 1, 0.135305
MEMO_BOUND_THREAD,100000, 2, 0.157649
MEMO_BOUND_THREAD,100000, 3, 0.142525
MEMO_BOUND_THREAD,100000, 4, 0.172267
MEMO_BOUND_THREAD,100000, 5, 0.162485
MEMO_BOUND_THREAD,100000, 6, 0.192109
MEMO_BOUND_THREAD,100000, 7, 0.317911
MEMO_BOUND_THREAD,100000, 8, 0.252398
MEMO_BOUND_THREAD,100000, 9, 0.304316
MEMO_BOUND_THREAD,100000, 10, 0.406909
MEMO_BOUND_THREAD,100000, 11, 0.373175
MEMO_BOUND_THREAD,100000, 12, 0.429532
MEMO_BOUND_SERIAL,100000, 1, 0.135306
MEMO_BOUND_THREAD,100000, 1, 0.135772
MEMO_BOUND_THREAD,100000, 2, 0.130559
MEMO_BOUND_THREAD,100000, 3, 0.130072
MEMO_BOUND_THREAD,100000, 4, 0.147391
MEMO_BOUND_THREAD,100000, 5, 0.168126
MEMO_BOUND_THREAD,100000, 6, 0.188544
MEMO_BOUND_THREAD,100000, 7, 0.218346
MEMO_BOUND_THREAD,100000, 8, 0.268973
MEMO_BOUND_THREAD,100000, 9, 0.280810
MEMO_BOUND_THREAD,100000, 10, 0.309957
MEMO_BOUND_THREAD,100000, 11, 0.489782
MEMO_BOUND_THREAD,100000, 12, 0.461290
MEMO_BOUND_SERIAL,100000, 1, 0.135346
MEMO_BOUND_THREAD,100000, 1, 0.170798
MEMO_BOUND_THREAD,100000, 2, 0.128542
MEMO_BOUND_THREAD,100000, 3, 0.141016
MEMO_BOUND_THREAD,100000, 4, 0.145257
MEMO_BOUND_THREAD,100000, 5, 0.210630
MEMO_BOUND_THREAD,100000, 6, 0.290601
MEMO_BOUND_THREAD,100000, 7, 0.220591
MEMO_BOUND_THREAD,100000, 8, 0.250234
MEMO_BOUND_THREAD,100000, 9, 0.282846
MEMO_BOUND_THREAD,100000, 10, 0.306987
MEMO_BOUND_THREAD,100000, 11, 0.483227
MEMO_BOUND_THREAD,100000, 12, 0.375856
MEMO_BOUND_SERIAL,100000, 1, 0.135256
MEMO_BOUND_THREAD,100000, 1, 0.135504
MEMO_BOUND_THREAD,100000, 2, 0.107221
MEMO_BOUND_THREAD,100000, 3, 0.139298
MEMO_BOUND_THREAD,100000, 4, 0.148395
MEMO_BOUND_THREAD,100000, 5, 0.193281
MEMO_BOUND_THREAD,100000, 6, 0.220729
MEMO_BOUND_THREAD,100000, 7, 0.224404
MEMO_BOUND_THREAD,100000, 8, 0.245556
MEMO_BOUND_THREAD,100000, 9, 0.314445
MEMO_BOUND_THREAD,100000, 10, 0.360454
MEMO_BOUND_THREAD,100000, 11, 0.431806
MEMO_BOUND_THREAD,100000, 12, 0.500368
MEMO_BOUND_SERIAL,100000, 1, 0.169040
MEMO_BOUND_THREAD,100000, 1, 0.146001
MEMO_BOUND_THREAD,100000, 2, 0.135564
MEMO_BOUND_THREAD,100000, 3, 0.139308
MEMO_BOUND_THREAD,100000, 4, 0.201534
MEMO_BOUND_THREAD,100000, 5, 0.217581
MEMO_BOUND_THREAD,100000, 6, 0.212795
MEMO_BOUND_THREAD,100000, 7, 0.235517
MEMO_BOUND_THREAD,100000, 8, 0.272468
MEMO_BOUND_THREAD,100000, 9, 0.321179
MEMO_BOUND_THREAD,100000, 10, 0.352132
MEMO_BOUND_THREAD,100000, 11, 0.524270
MEMO_BOUND_THREAD,100000, 12, 0.443167
MEMO_BOUND_SERIAL,100000, 1, 0.135175
MEMO_BOUND_THREAD,100000, 1, 0.177519
MEMO_BOUND_THREAD,100000, 2, 0.129982
MEMO_BOUND_THREAD,100000, 3, 0.140904
MEMO_BOUND_THREAD,100000, 4, 0.198895
MEMO_BOUND_THREAD,100000, 5, 0.213749
MEMO_BOUND_THREAD,100000, 6, 0.981779
MEMO_BOUND_THREAD,100000, 7, 0.259399
MEMO_BOUND_THREAD,100000, 8, 0.359417
MEMO_BOUND_THREAD,100000, 9, 0.323397
MEMO_BOUND_THREAD,100000, 10, 0.380893
MEMO_BOUND_THREAD,100000, 11, 0.410162
MEMO_BOUND_THREAD,100000, 12, 0.364541
MEMO_BOUND_SERIAL,100000, 1, 0.163868
MEMO_BOUND_THREAD,100000, 1, 0.170957
MEMO_BOUND_THREAD,100000, 2, 0.109629
MEMO_BOUND_THREAD,100000, 3, 0.138372
MEMO_BOUND_THREAD,100000, 4, 0.152480
MEMO_BOUND_THREAD,100000, 5, 0.172972
MEMO_BOUND_THREAD,100000, 6, 0.194745
MEMO_BOUND_THREAD,100000, 7, 0.221403
MEMO_BOUND_THREAD,100000, 8, 0.292153
MEMO_BOUND_THREAD,100000, 9, 0.331132
MEMO_BOUND_THREAD,100000, 10, 0.325542
MEMO_BOUND_THREAD,100000, 11, 0.341586
MEMO_BOUND_THREAD,100000, 12, 0.546568
COMP_BOUND_SERIAL,20000, 1, 703.507652
COMP_BOUND_THREAD,20000, 1, 675.271017
COMP_BOUND_THREAD,20000, 2, 354.222553
COMP_BOUND_THREAD,20000, 3, 231.831207
COMP_BOUND_THREAD,20000, 4, 175.907880
COMP_BOUND_THREAD,20000, 5, 149.397193
COMP_BOUND_THREAD,20000, 6, 133.040496
COMP_BOUND_THREAD,20000, 7, 110.240219
COMP_BOUND_THREAD,20000, 8, 96.501111
COMP_BOUND_THREAD,20000, 9, 82.206004
COMP_BOUND_THREAD,20000, 10, 74.944766
COMP_BOUND_THREAD,20000, 11, 68.652338
COMP_BOUND_THREAD,20000, 12, 60.713365
COMP_BOUND_SERIAL,20000, 1, 673.859528
COMP_BOUND_THREAD,20000, 1, 675.020126
COMP_BOUND_THREAD,20000, 2, 336.948707
COMP_BOUND_THREAD,20000, 3, 229.747608
COMP_BOUND_THREAD,20000, 4, 176.015371
COMP_BOUND_THREAD,20000, 5, 149.759062
COMP_BOUND_THREAD,20000, 6, 124.254730
COMP_BOUND_THREAD,20000, 7, 101.312947
COMP_BOUND_THREAD,20000, 8, 91.044085
COMP_BOUND_THREAD,20000, 9, 82.736324
COMP_BOUND_THREAD,20000, 10, 76.565880
COMP_BOUND_THREAD,20000, 11, 68.932114
COMP_BOUND_THREAD,20000, 12, 63.889309
COMP_BOUND_SERIAL,20000, 1, 668.125416
COMP_BOUND_THREAD,20000, 1, 671.679855
COMP_BOUND_THREAD,20000, 2, 344.957922
COMP_BOUND_THREAD,20000, 3, 230.463459
COMP_BOUND_THREAD,20000, 4, 183.146061
COMP_BOUND_THREAD,20000, 5, 150.076163
COMP_BOUND_THREAD,20000, 6, 128.648712
COMP_BOUND_THREAD,20000, 7, 113.108024
COMP_BOUND_THREAD,20000, 8, 98.561873
COMP_BOUND_THREAD,20000, 9, 85.428217
COMP_BOUND_THREAD,20000, 10, 76.168002
COMP_BOUND_THREAD,20000, 11, 73.887087
COMP_BOUND_THREAD,20000, 12, 64.792523
COMP_BOUND_SERIAL,20000, 1, 692.944291
COMP_BOUND_THREAD,20000, 1, 700.437917
COMP_BOUND_THREAD,20000, 2, 351.351504
COMP_BOUND_THREAD,20000, 3, 233.669540
COMP_BOUND_THREAD,20000, 4, 183.805941
COMP_BOUND_THREAD,20000, 5, 149.774680
COMP_BOUND_THREAD,20000, 6, 123.557925
COMP_BOUND_THREAD,20000, 7, 113.376040
COMP_BOUND_THREAD,20000, 8, 98.106105
COMP_BOUND_THREAD,20000, 9, 83.833391
COMP_BOUND_THREAD,20000, 10, 78.379484
COMP_BOUND_THREAD,20000, 11, 73.271830
COMP_BOUND_THREAD,20000, 12, 63.379345
COMP_BOUND_SERIAL,20000, 1, 692.549587
COMP_BOUND_THREAD,20000, 1, 687.780886
COMP_BOUND_THREAD,20000, 2, 341.183612
COMP_BOUND_THREAD,20000, 3, 249.999024
COMP_BOUND_THREAD,20000, 4, 178.165276
COMP_BOUND_THREAD,20000, 5, 154.172400
COMP_BOUND_THREAD,20000, 6, 123.822127
COMP_BOUND_THREAD,20000, 7, 111.237551
COMP_BOUND_THREAD,20000, 8, 95.495283
COMP_BOUND_THREAD,20000, 9, 85.632877
COMP_BOUND_THREAD,20000, 10, 75.531454
COMP_BOUND_THREAD,20000, 11, 73.785970
COMP_BOUND_THREAD,20000, 12, 64.831994
COMP_BOUND_SERIAL,20000, 1, 680.532788
COMP_BOUND_THREAD,20000, 1, 684.000871
COMP_BOUND_THREAD,20000, 2, 345.067945
COMP_BOUND_THREAD,20000, 3, 240.174341
COMP_BOUND_THREAD,20000, 4, 188.906572
COMP_BOUND_THREAD,20000, 5, 158.186937
COMP_BOUND_THREAD,20000, 6, 131.947918
COMP_BOUND_THREAD,20000, 7, 113.464939
COMP_BOUND_THREAD,20000, 8, 96.626237
COMP_BOUND_THREAD,20000, 9, 85.776439
COMP_BOUND_THREAD,20000, 10, 76.927940
COMP_BOUND_THREAD,20000, 11, 67.303003
COMP_BOUND_THREAD,20000, 12, 72.098869
COMP_BOUND_SERIAL,20000, 1, 683.078063
COMP_BOUND_THREAD,20000, 1, 692.973263
COMP_BOUND_THREAD,20000, 2, 342.019999
COMP_BOUND_THREAD,20000, 3, 237.639860
COMP_BOUND_THREAD,20000, 4, 182.901682
COMP_BOUND_THREAD,20000, 5, 144.710440
COMP_BOUND_THREAD,20000, 6, 124.914559
COMP_BOUND_THREAD,20000, 7, 111.895409
COMP_BOUND_THREAD,20000, 8, 92.674167
COMP_BOUND_THREAD,20000, 9, 83.444584
COMP_BOUND_THREAD,20000, 10, 74.276766
COMP_BOUND_THREAD,20000, 11, 73.682148
COMP_BOUND_THREAD,20000, 12, 65.653922
COMP_BOUND_SERIAL,20000, 1, 678.186545
COMP_BOUND_THREAD,20000, 1, 677.484147
COMP_BOUND_THREAD,20000, 2, 347.547370
COMP_BOUND_THREAD,20000, 3, 236.422120
COMP_BOUND_THREAD,20000, 4, 179.672778
COMP_BOUND_THREAD,20000, 5, 145.203387
COMP_BOUND_THREAD,20000, 6, 128.904799
COMP_BOUND_THREAD,20000, 7, 112.759420
COMP_BOUND_THREAD,20000, 8, 99.136689
COMP_BOUND_THREAD,20000, 9, 85.317836
COMP_BOUND_THREAD,20000, 10, 76.678547
COMP_BOUND_THREAD,20000, 11, 70.238920
COMP_BOUND_THREAD,20000, 12, 64.789807
COMP_BOUND_SERIAL,20000, 1, 684.210389
COMP_BOUND_THREAD,20000, 1, 673.436410
COMP_BOUND_THREAD,20000, 2, 341.389199
COMP_BOUND_THREAD,20000, 3, 242.874064
COMP_BOUND_THREAD,20000, 4, 179.774558
COMP_BOUND_THREAD,20000, 5, 145.125921
COMP_BOUND_THREAD,20000, 6, 122.407159
COMP_BOUND_THREAD,20000, 7, 110.981749
COMP_BOUND_THREAD,20000, 8, 97.027094
COMP_BOUND_THREAD,20000, 9, 85.032321
COMP_BOUND_THREAD,20000, 10, 74.183468
COMP_BOUND_THREAD,20000, 11, 68.362060
COMP_BOUND_THREAD,20000, 12, 61.424166
COMP_BOUND_SERIAL,20000, 1, 682.564070
COMP_BOUND_THREAD,20000, 1, 673.806982
COMP_BOUND_THREAD,20000, 2, 339.970145
COMP_BOUND_THREAD,20000, 3, 234.367178
COMP_BOUND_THREAD,20000, 4, 183.381645
COMP_BOUND_THREAD,20000, 5, 149.235610
COMP_BOUND_THREAD,20000, 6, 128.341345
COMP_BOUND_THREAD,20000, 7, 109.244360
COMP_BOUND_THREAD,20000, 8, 95.910422
COMP_BOUND_THREAD,20000, 9, 82.124768
COMP_BOUND_THREAD,20000, 10, 78.189150
COMP_BOUND_THREAD,20000, 11, 66.147996
COMP_BOUND_THREAD,20000, 12, 63.054110
MEMO_BOUND_SERIAL,1000000, 1, 1.372093
MEMO_BOUND_THREAD,1000000, 1, 1.381042
MEMO_BOUND_THREAD,1000000, 2, 0.753403
MEMO_BOUND_THREAD,1000000, 3, 0.607800
MEMO_BOUND_THREAD,1000000, 4, 0.601525
MEMO_BOUND_THREAD,1000000, 5, 0.450801
MEMO_BOUND_THREAD,1000000, 6, 0.552132
MEMO_BOUND_THREAD,1000000, 7, 0.515040
MEMO_BOUND_THREAD,1000000, 8, 0.487485
MEMO_BOUND_THREAD,1000000, 9, 0.478048
MEMO_BOUND_THREAD,1000000, 10, 0.558945
MEMO_BOUND_THREAD,1000000, 11, 0.551208
MEMO_BOUND_THREAD,1000000, 12, 0.624427
MEMO_BOUND_SERIAL,1000000, 1, 1.363889
MEMO_BOUND_THREAD,1000000, 1, 1.749007
MEMO_BOUND_THREAD,1000000, 2, 0.893587
MEMO_BOUND_THREAD,1000000, 3, 0.696651
MEMO_BOUND_THREAD,1000000, 4, 0.470947
MEMO_BOUND_THREAD,1000000, 5, 0.576893
MEMO_BOUND_THREAD,1000000, 6, 0.572558
MEMO_BOUND_THREAD,1000000, 7, 0.526247
MEMO_BOUND_THREAD,1000000, 8, 0.601893
MEMO_BOUND_THREAD,1000000, 9, 0.530812
MEMO_BOUND_THREAD,1000000, 10, 0.553683
MEMO_BOUND_THREAD,1000000, 11, 0.609938
MEMO_BOUND_THREAD,1000000, 12, 0.552640
MEMO_BOUND_SERIAL,1000000, 1, 1.412008
MEMO_BOUND_THREAD,1000000, 1, 1.379172
MEMO_BOUND_THREAD,1000000, 2, 0.821024
MEMO_BOUND_THREAD,1000000, 3, 0.555155
MEMO_BOUND_THREAD,1000000, 4, 0.562952
MEMO_BOUND_THREAD,1000000, 5, 0.576038
MEMO_BOUND_THREAD,1000000, 6, 0.547836
MEMO_BOUND_THREAD,1000000, 7, 0.525631
MEMO_BOUND_THREAD,1000000, 8, 0.516870
MEMO_BOUND_THREAD,1000000, 9, 0.462108
MEMO_BOUND_THREAD,1000000, 10, 0.622696
MEMO_BOUND_THREAD,1000000, 11, 0.781188
MEMO_BOUND_THREAD,1000000, 12, 0.546047
MEMO_BOUND_SERIAL,1000000, 1, 1.400354
MEMO_BOUND_THREAD,1000000, 1, 1.485327
MEMO_BOUND_THREAD,1000000, 2, 0.839987
MEMO_BOUND_THREAD,1000000, 3, 0.664671
MEMO_BOUND_THREAD,1000000, 4, 0.699387
MEMO_BOUND_THREAD,1000000, 5, 0.545281
MEMO_BOUND_THREAD,1000000, 6, 0.547985
MEMO_BOUND_THREAD,1000000, 7, 0.503217
MEMO_BOUND_THREAD,1000000, 8, 0.460129
MEMO_BOUND_THREAD,1000000, 9, 0.587822
MEMO_BOUND_THREAD,1000000, 10, 0.537922
MEMO_BOUND_THREAD,1000000, 11, 0.514832
MEMO_BOUND_THREAD,1000000, 12, 0.657472
MEMO_BOUND_SERIAL,1000000, 1, 1.480017
MEMO_BOUND_THREAD,1000000, 1, 1.370730
MEMO_BOUND_THREAD,1000000, 2, 0.975806
MEMO_BOUND_THREAD,1000000, 3, 0.657581
MEMO_BOUND_THREAD,1000000, 4, 0.642167
MEMO_BOUND_THREAD,1000000, 5, 0.672667
MEMO_BOUND_THREAD,1000000, 6, 0.527202
MEMO_BOUND_THREAD,1000000, 7, 0.505316
MEMO_BOUND_THREAD,1000000, 8, 0.504648
MEMO_BOUND_THREAD,1000000, 9, 0.555036
MEMO_BOUND_THREAD,1000000, 10, 0.567238
MEMO_BOUND_THREAD,1000000, 11, 0.528962
MEMO_BOUND_THREAD,1000000, 12, 0.619276
MEMO_BOUND_SERIAL,1000000, 1, 1.353446
MEMO_BOUND_THREAD,1000000, 1, 1.410169
MEMO_BOUND_THREAD,1000000, 2, 0.825101
MEMO_BOUND_THREAD,1000000, 3, 0.706426
MEMO_BOUND_THREAD,1000000, 4, 0.624119
MEMO_BOUND_THREAD,1000000, 5, 0.568541
MEMO_BOUND_THREAD,1000000, 6, 0.412575
MEMO_BOUND_THREAD,1000000, 7, 0.518581
MEMO_BOUND_THREAD,1000000, 8, 0.542855
MEMO_BOUND_THREAD,1000000, 9, 0.478724
MEMO_BOUND_THREAD,1000000, 10, 0.526864
MEMO_BOUND_THREAD,1000000, 11, 0.542477
MEMO_BOUND_THREAD,1000000, 12, 0.564413
MEMO_BOUND_SERIAL,1000000, 1, 1.360188
MEMO_BOUND_THREAD,1000000, 1, 1.445251
MEMO_BOUND_THREAD,1000000, 2, 0.909616
MEMO_BOUND_THREAD,1000000, 3, 0.821213
MEMO_BOUND_THREAD,1000000, 4, 0.629667
MEMO_BOUND_THREAD,1000000, 5, 0.518064
MEMO_BOUND_THREAD,1000000, 6, 0.609103
MEMO_BOUND_THREAD,1000000, 7, 0.542526
MEMO_BOUND_THREAD,1000000, 8, 0.551178
MEMO_BOUND_THREAD,1000000, 9, 0.526039
MEMO_BOUND_THREAD,1000000, 10, 0.567437
MEMO_BOUND_THREAD,1000000, 11, 0.520003
MEMO_BOUND_THREAD,1000000, 12, 0.799336
MEMO_BOUND_SERIAL,1000000, 1, 1.390996
MEMO_BOUND_THREAD,1000000, 1, 1.442815
MEMO_BOUND_THREAD,1000000, 2, 1.066815
MEMO_BOUND_THREAD,1000000, 3, 0.677389
MEMO_BOUND_THREAD,1000000, 4, 0.615547
MEMO_BOUND_THREAD,1000000, 5, 0.565726
MEMO_BOUND_THREAD,1000000, 6, 0.551267
MEMO_BOUND_THREAD,1000000, 7, 0.501158
MEMO_BOUND_THREAD,1000000, 8, 0.464912
MEMO_BOUND_THREAD,1000000, 9, 0.492745
MEMO_BOUND_THREAD,1000000, 10, 0.506508
MEMO_BOUND_THREAD,1000000, 11, 0.544475
MEMO_BOUND_THREAD,1000000, 12, 0.538460
MEMO_BOUND_SERIAL,1000000, 1, 1.360478
MEMO_BOUND_THREAD,1000000, 1, 1.349679
MEMO_BOUND_THREAD,1000000, 2, 0.842851
MEMO_BOUND_THREAD,1000000, 3, 0.606179
MEMO_BOUND_THREAD,1000000, 4, 0.565428
MEMO_BOUND_THREAD,1000000, 5, 0.556955
MEMO_BOUND_THREAD,1000000, 6, 0.595340
MEMO_BOUND_THREAD,1000000, 7, 0.575899
MEMO_BOUND_THREAD,1000000, 8, 0.511978
MEMO_BOUND_THREAD,1000000, 9, 0.526348
MEMO_BOUND_THREAD,1000000, 10, 0.597160
MEMO_BOUND_THREAD,1000000, 11, 0.499647
MEMO_BOUND_THREAD,1000000, 12, 0.575670
MEMO_BOUND_SERIAL,1000000, 1, 1.413471
MEMO_BOUND_THREAD,1000000, 1, 1.368393
MEMO_BOUND_THREAD,1000000, 2, 0.777160
MEMO_BOUND_THREAD,1000000, 3, 0.639005
MEMO_BOUND_THREAD,1000000, 4, 0.653693
MEMO_BOUND_THREAD,1000000, 5, 0.535406
MEMO_BOUND_THREAD,1000000, 6, 0.472310
MEMO_BOUND_THREAD,1000000, 7, 0.508119
MEMO_BOUND_THREAD,1000000, 8, 0.556150
MEMO_BOUND_THREAD,1000000, 9, 0.514642
MEMO_BOUND_THREAD,1000000, 10, 0.533437
MEMO_BOUND_THREAD,1000000, 11, 0.495441
MEMO_BOUND_THREAD,1000000, 12, 0.616203
COMP_BOUND_SERIAL,30000, 1, 1011.448411
COMP_BOUND_THREAD,30000, 1, 1012.943277
COMP_BOUND_THREAD,30000, 2, 506.777485
COMP_BOUND_THREAD,30000, 3, 355.753738
COMP_BOUND_THREAD,30000, 4, 272.926143
COMP_BOUND_THREAD,30000, 5, 227.105541
COMP_BOUND_THREAD,30000, 6, 184.631224
COMP_BOUND_THREAD,30000, 7, 160.115213
COMP_BOUND_THREAD,30000, 8, 146.934898
COMP_BOUND_THREAD,30000, 9, 124.138562
COMP_BOUND_THREAD,30000, 10, 112.381915
COMP_BOUND_THREAD,30000, 11, 104.747625
COMP_BOUND_THREAD,30000, 12, 93.592815
COMP_BOUND_SERIAL,30000, 1, 1025.864765
COMP_BOUND_THREAD,30000, 1, 1014.395812
COMP_BOUND_THREAD,30000, 2, 506.180336
COMP_BOUND_THREAD,30000, 3, 335.136395
COMP_BOUND_THREAD,30000, 4, 270.444577
COMP_BOUND_THREAD,30000, 5, 221.765209
COMP_BOUND_THREAD,30000, 6, 186.335747
COMP_BOUND_THREAD,30000, 7, 163.107926
COMP_BOUND_THREAD,30000, 8, 145.008835
COMP_BOUND_THREAD,30000, 9, 126.459328
COMP_BOUND_THREAD,30000, 10, 115.928050
COMP_BOUND_THREAD,30000, 11, 105.256525
COMP_BOUND_THREAD,30000, 12, 90.735004
COMP_BOUND_SERIAL,30000, 1, 1002.525350
COMP_BOUND_THREAD,30000, 1, 1009.063015
COMP_BOUND_THREAD,30000, 2, 505.037065
COMP_BOUND_THREAD,30000, 3, 353.032221
COMP_BOUND_THREAD,30000, 4, 280.261255
COMP_BOUND_THREAD,30000, 5, 239.701840
COMP_BOUND_THREAD,30000, 6, 196.072633
COMP_BOUND_THREAD,30000, 7, 160.360232
COMP_BOUND_THREAD,30000, 8, 147.974468
COMP_BOUND_THREAD,30000, 9, 127.019256
COMP_BOUND_THREAD,30000, 10, 119.574799
COMP_BOUND_THREAD,30000, 11, 107.245042
COMP_BOUND_THREAD,30000, 12, 95.315157
COMP_BOUND_SERIAL,30000, 1, 1041.875355
COMP_BOUND_THREAD,30000, 1, 1039.864084
COMP_BOUND_THREAD,30000, 2, 514.709005
COMP_BOUND_THREAD,30000, 3, 356.513634
COMP_BOUND_THREAD,30000, 4, 273.462444
COMP_BOUND_THREAD,30000, 5, 229.030646
COMP_BOUND_THREAD,30000, 6, 185.788475
COMP_BOUND_THREAD,30000, 7, 171.217559
COMP_BOUND_THREAD,30000, 8, 145.328910
COMP_BOUND_THREAD,30000, 9, 132.372591
COMP_BOUND_THREAD,30000, 10, 118.990407
COMP_BOUND_THREAD,30000, 11, 107.552426
COMP_BOUND_THREAD,30000, 12, 111.515311
COMP_BOUND_SERIAL,30000, 1, 1037.022476
COMP_BOUND_THREAD,30000, 1, 1025.057832
COMP_BOUND_THREAD,30000, 2, 513.030353
COMP_BOUND_THREAD,30000, 3, 345.680583
COMP_BOUND_THREAD,30000, 4, 271.855597
COMP_BOUND_THREAD,30000, 5, 224.819799
COMP_BOUND_THREAD,30000, 6, 194.351433
COMP_BOUND_THREAD,30000, 7, 167.314540
COMP_BOUND_THREAD,30000, 8, 144.352061
COMP_BOUND_THREAD,30000, 9, 125.410138
COMP_BOUND_THREAD,30000, 10, 113.866281
COMP_BOUND_THREAD,30000, 11, 108.819852
COMP_BOUND_THREAD,30000, 12, 93.556144
COMP_BOUND_SERIAL,30000, 1, 1026.130077
COMP_BOUND_THREAD,30000, 1, 1014.230693
COMP_BOUND_THREAD,30000, 2, 514.602210
COMP_BOUND_THREAD,30000, 3, 364.119749
COMP_BOUND_THREAD,30000, 4, 277.591472
COMP_BOUND_THREAD,30000, 5, 226.751887
COMP_BOUND_THREAD,30000, 6, 196.740676
COMP_BOUND_THREAD,30000, 7, 159.473450
COMP_BOUND_THREAD,30000, 8, 147.052703
COMP_BOUND_THREAD,30000, 9, 127.317905
COMP_BOUND_THREAD,30000, 10, 121.013618
COMP_BOUND_THREAD,30000, 11, 105.554451
COMP_BOUND_THREAD,30000, 12, 91.393334
COMP_BOUND_SERIAL,30000, 1, 1012.510706
COMP_BOUND_THREAD,30000, 1, 1010.191783
COMP_BOUND_THREAD,30000, 2, 510.186796
COMP_BOUND_THREAD,30000, 3, 353.743252
COMP_BOUND_THREAD,30000, 4, 271.058641
COMP_BOUND_THREAD,30000, 5, 223.231536
COMP_BOUND_THREAD,30000, 6, 195.114239
COMP_BOUND_THREAD,30000, 7, 159.188144
COMP_BOUND_THREAD,30000, 8, 145.136394
COMP_BOUND_THREAD,30000, 9, 129.590246
COMP_BOUND_THREAD,30000, 10, 118.188252
COMP_BOUND_THREAD,30000, 11, 106.258783
COMP_BOUND_THREAD,30000, 12, 92.466168
COMP_BOUND_SERIAL,30000, 1, 1014.452194
COMP_BOUND_THREAD,30000, 1, 1038.853695
COMP_BOUND_THREAD,30000, 2, 512.735073
COMP_BOUND_THREAD,30000, 3, 342.489284
COMP_BOUND_THREAD,30000, 4, 270.423988
COMP_BOUND_THREAD,30000, 5, 214.324330
COMP_BOUND_THREAD,30000, 6, 195.313451
COMP_BOUND_THREAD,30000, 7, 164.993364
COMP_BOUND_THREAD,30000, 8, 137.294409
COMP_BOUND_THREAD,30000, 9, 126.622710
COMP_BOUND_THREAD,30000, 10, 108.763769
COMP_BOUND_THREAD,30000, 11, 106.578855
COMP_BOUND_THREAD,30000, 12, 92.654599
COMP_BOUND_SERIAL,30000, 1, 1005.555351
COMP_BOUND_THREAD,30000, 1, 1015.939689
COMP_BOUND_THREAD,30000, 2, 502.187344
COMP_BOUND_THREAD,30000, 3, 352.625061
COMP_BOUND_THREAD,30000, 4, 266.674940
COMP_BOUND_THREAD,30000, 5, 225.936374
COMP_BOUND_THREAD,30000, 6, 185.560005
COMP_BOUND_THREAD,30000, 7, 165.925788
COMP_BOUND_THREAD,30000, 8, 137.245397
COMP_BOUND_THREAD,30000, 9, 126.861031
COMP_BOUND_THREAD,30000, 10, 119.737036
COMP_BOUND_THREAD,30000, 11, 106.493517
COMP_BOUND_THREAD,30000, 12, 95.037968
COMP_BOUND_SERIAL,30000, 1, 1001.760437
COMP_BOUND_THREAD,30000, 1, 1011.548640
COMP_BOUND_THREAD,30000, 2, 501.961238
COMP_BOUND_THREAD,30000, 3, 345.514339
COMP_BOUND_THREAD,30000, 4, 265.901967
COMP_BOUND_THREAD,30000, 5, 225.035312
COMP_BOUND_THREAD,30000, 6, 187.767652
COMP_BOUND_THREAD,30000, 7, 164.637061
COMP_BOUND_THREAD,30000, 8, 141.797444
COMP_BOUND_THREAD,30000, 9, 125.882645
COMP_BOUND_THREAD,30000, 10, 114.218290
COMP_BOUND_THREAD,30000, 11, 108.481669
COMP_BOUND_THREAD,30000, 12, 104.587553
MEMO_BOUND_SERIAL,10000000, 1, 14.416950
MEMO_BOUND_THREAD,10000000, 1, 14.070710
MEMO_BOUND_THREAD,10000000, 2, 9.069223
MEMO_BOUND_THREAD,10000000, 3, 6.172906
MEMO_BOUND_THREAD,10000000, 4, 4.407173
MEMO_BOUND_THREAD,10000000, 5, 4.095575
MEMO_BOUND_THREAD,10000000, 6, 4.667122
MEMO_BOUND_THREAD,10000000, 7, 4.453430
MEMO_BOUND_THREAD,10000000, 8, 4.166654
MEMO_BOUND_THREAD,10000000, 9, 4.426158
MEMO_BOUND_THREAD,10000000, 10, 4.652000
MEMO_BOUND_THREAD,10000000, 11, 4.058502
MEMO_BOUND_THREAD,10000000, 12, 4.070866
MEMO_BOUND_SERIAL,10000000, 1, 14.445826
MEMO_BOUND_THREAD,10000000, 1, 14.145198
MEMO_BOUND_THREAD,10000000, 2, 7.420372
MEMO_BOUND_THREAD,10000000, 3, 5.966444
MEMO_BOUND_THREAD,10000000, 4, 4.277121
MEMO_BOUND_THREAD,10000000, 5, 3.971990
MEMO_BOUND_THREAD,10000000, 6, 5.103194
MEMO_BOUND_THREAD,10000000, 7, 4.055629
MEMO_BOUND_THREAD,10000000, 8, 4.123589
MEMO_BOUND_THREAD,10000000, 9, 4.335029
MEMO_BOUND_THREAD,10000000, 10, 4.173709
MEMO_BOUND_THREAD,10000000, 11, 4.354340
MEMO_BOUND_THREAD,10000000, 12, 4.839239
MEMO_BOUND_SERIAL,10000000, 1, 14.318664
MEMO_BOUND_THREAD,10000000, 1, 14.034447
MEMO_BOUND_THREAD,10000000, 2, 8.609546
MEMO_BOUND_THREAD,10000000, 3, 5.735118
MEMO_BOUND_THREAD,10000000, 4, 4.095053
MEMO_BOUND_THREAD,10000000, 5, 3.994699
MEMO_BOUND_THREAD,10000000, 6, 4.154382
MEMO_BOUND_THREAD,10000000, 7, 4.275812
MEMO_BOUND_THREAD,10000000, 8, 3.995416
MEMO_BOUND_THREAD,10000000, 9, 4.208230
MEMO_BOUND_THREAD,10000000, 10, 4.054168
MEMO_BOUND_THREAD,10000000, 11, 4.032857
MEMO_BOUND_THREAD,10000000, 12, 4.571908
MEMO_BOUND_SERIAL,10000000, 1, 14.255266
MEMO_BOUND_THREAD,10000000, 1, 15.168314
MEMO_BOUND_THREAD,10000000, 2, 8.559645
MEMO_BOUND_THREAD,10000000, 3, 5.540812
MEMO_BOUND_THREAD,10000000, 4, 4.218242
MEMO_BOUND_THREAD,10000000, 5, 4.495255
MEMO_BOUND_THREAD,10000000, 6, 4.124846
MEMO_BOUND_THREAD,10000000, 7, 3.984880
MEMO_BOUND_THREAD,10000000, 8, 3.804008
MEMO_BOUND_THREAD,10000000, 9, 4.303765
MEMO_BOUND_THREAD,10000000, 10, 4.041738
MEMO_BOUND_THREAD,10000000, 11, 4.735848
MEMO_BOUND_THREAD,10000000, 12, 4.166236
MEMO_BOUND_SERIAL,10000000, 1, 14.282233
MEMO_BOUND_THREAD,10000000, 1, 15.094522
MEMO_BOUND_THREAD,10000000, 2, 8.073856
MEMO_BOUND_THREAD,10000000, 3, 6.042039
MEMO_BOUND_THREAD,10000000, 4, 4.551317
MEMO_BOUND_THREAD,10000000, 5, 4.061088
MEMO_BOUND_THREAD,10000000, 6, 3.752385
MEMO_BOUND_THREAD,10000000, 7, 4.450279
MEMO_BOUND_THREAD,10000000, 8, 3.991483
MEMO_BOUND_THREAD,10000000, 9, 4.113683
MEMO_BOUND_THREAD,10000000, 10, 4.020935
MEMO_BOUND_THREAD,10000000, 11, 4.526914
MEMO_BOUND_THREAD,10000000, 12, 4.379980
MEMO_BOUND_SERIAL,10000000, 1, 14.558464
MEMO_BOUND_THREAD,10000000, 1, 14.228656
MEMO_BOUND_THREAD,10000000, 2, 7.477520
MEMO_BOUND_THREAD,10000000, 3, 5.681452
MEMO_BOUND_THREAD,10000000, 4, 4.607592
MEMO_BOUND_THREAD,10000000, 5, 3.858319
MEMO_BOUND_THREAD,10000000, 6, 3.796743
MEMO_BOUND_THREAD,10000000, 7, 4.421297
MEMO_BOUND_THREAD,10000000, 8, 4.288604
MEMO_BOUND_THREAD,10000000, 9, 4.900394
MEMO_BOUND_THREAD,10000000, 10, 4.149584
MEMO_BOUND_THREAD,10000000, 11, 4.491513
MEMO_BOUND_THREAD,10000000, 12, 4.184524
MEMO_BOUND_SERIAL,10000000, 1, 14.099239
MEMO_BOUND_THREAD,10000000, 1, 14.582153
MEMO_BOUND_THREAD,10000000, 2, 7.789843
MEMO_BOUND_THREAD,10000000, 3, 5.665852
MEMO_BOUND_THREAD,10000000, 4, 4.615556
MEMO_BOUND_THREAD,10000000, 5, 4.154774
MEMO_BOUND_THREAD,10000000, 6, 3.974050
MEMO_BOUND_THREAD,10000000, 7, 4.529155
MEMO_BOUND_THREAD,10000000, 8, 4.586392
MEMO_BOUND_THREAD,10000000, 9, 4.468296
MEMO_BOUND_THREAD,10000000, 10, 4.274692
MEMO_BOUND_THREAD,10000000, 11, 4.310543
MEMO_BOUND_THREAD,10000000, 12, 4.456625
MEMO_BOUND_SERIAL,10000000, 1, 14.194239
MEMO_BOUND_THREAD,10000000, 1, 13.983406
MEMO_BOUND_THREAD,10000000, 2, 8.523075
MEMO_BOUND_THREAD,10000000, 3, 5.211908
MEMO_BOUND_THREAD,10000000, 4, 4.385109
MEMO_BOUND_THREAD,10000000, 5, 4.074831
MEMO_BOUND_THREAD,10000000, 6, 3.754515
MEMO_BOUND_THREAD,10000000, 7, 4.208491
MEMO_BOUND_THREAD,10000000, 8, 3.919496
MEMO_BOUND_THREAD,10000000, 9, 4.083849
MEMO_BOUND_THREAD,10000000, 10, 4.146298
MEMO_BOUND_THREAD,10000000, 11, 4.715118
MEMO_BOUND_THREAD,10000000, 12, 4.161505
MEMO_BOUND_SERIAL,10000000, 1, 14.100422
MEMO_BOUND_THREAD,10000000, 1, 14.555745
MEMO_BOUND_THREAD,10000000, 2, 8.129112
MEMO_BOUND_THREAD,10000000, 3, 6.284190
MEMO_BOUND_THREAD,10000000, 4, 4.656758
MEMO_BOUND_THREAD,10000000, 5, 4.038094
MEMO_BOUND_THREAD,10000000, 6, 4.120421
MEMO_BOUND_THREAD,10000000, 7, 3.893407
MEMO_BOUND_THREAD,10000000, 8, 4.094803
MEMO_BOUND_THREAD,10000000, 9, 4.569117
MEMO_BOUND_THREAD,10000000, 10, 3.913652
MEMO_BOUND_THREAD,10000000, 11, 4.220620
MEMO_BOUND_THREAD,10000000, 12, 4.338818
MEMO_BOUND_SERIAL,10000000, 1, 14.168976
MEMO_BOUND_THREAD,10000000, 1, 13.863805
MEMO_BOUND_THREAD,10000000, 2, 8.997894
MEMO_BOUND_THREAD,10000000, 3, 5.626840
MEMO_BOUND_THREAD,10000000, 4, 4.739402
MEMO_BOUND_THREAD,10000000, 5, 3.930125
MEMO_BOUND_THREAD,10000000, 6, 3.805970
MEMO_BOUND_THREAD,10000000, 7, 4.369650
MEMO_BOUND_THREAD,10000000, 8, 4.056187
MEMO_BOUND_THREAD,10000000, 9, 5.320221
MEMO_BOUND_THREAD,10000000, 10, 4.157485
MEMO_BOUND_THREAD,10000000, 11, 4.372741
MEMO_BOUND_THREAD,10000000, 12, 4.542049
COMP_BOUND_SERIAL,40000, 1, 1418.639281
COMP_BOUND_THREAD,40000, 1, 1373.959368
COMP_BOUND_THREAD,40000, 2, 685.406382
COMP_BOUND_THREAD,40000, 3, 471.058093
COMP_BOUND_THREAD,40000, 4, 366.648498
COMP_BOUND_THREAD,40000, 5, 302.001365
COMP_BOUND_THREAD,40000, 6, 254.883934
COMP_BOUND_THREAD,40000, 7, 221.902895
COMP_BOUND_THREAD,40000, 8, 192.726080
COMP_BOUND_THREAD,40000, 9, 176.314725
COMP_BOUND_THREAD,40000, 10, 150.617141
COMP_BOUND_THREAD,40000, 11, 137.877231
COMP_BOUND_THREAD,40000, 12, 122.629715
COMP_BOUND_SERIAL,40000, 1, 1361.969006
COMP_BOUND_THREAD,40000, 1, 1349.574430
COMP_BOUND_THREAD,40000, 2, 683.744793
COMP_BOUND_THREAD,40000, 3, 477.442059
COMP_BOUND_THREAD,40000, 4, 371.432600
COMP_BOUND_THREAD,40000, 5, 291.220816
COMP_BOUND_THREAD,40000, 6, 244.494409
COMP_BOUND_THREAD,40000, 7, 219.213873
COMP_BOUND_THREAD,40000, 8, 194.931517
COMP_BOUND_THREAD,40000, 9, 166.292042
COMP_BOUND_THREAD,40000, 10, 157.571883
COMP_BOUND_THREAD,40000, 11, 137.451741
COMP_BOUND_THREAD,40000, 12, 119.622731
COMP_BOUND_SERIAL,40000, 1, 1356.508074
COMP_BOUND_THREAD,40000, 1, 1353.847380
COMP_BOUND_THREAD,40000, 2, 680.152966
COMP_BOUND_THREAD,40000, 3, 463.936739
COMP_BOUND_THREAD,40000, 4, 361.979973
COMP_BOUND_THREAD,40000, 5, 303.960868
COMP_BOUND_THREAD,40000, 6, 249.121388
COMP_BOUND_THREAD,40000, 7, 215.727055
COMP_BOUND_THREAD,40000, 8, 188.355953
COMP_BOUND_THREAD,40000, 9, 167.602797
COMP_BOUND_THREAD,40000, 10, 149.718379
COMP_BOUND_THREAD,40000, 11, 142.161650
COMP_BOUND_THREAD,40000, 12, 122.375731
COMP_BOUND_SERIAL,40000, 1, 1353.102206
COMP_BOUND_THREAD,40000, 1, 1342.971419
COMP_BOUND_THREAD,40000, 2, 686.054160
COMP_BOUND_THREAD,40000, 3, 459.491018
COMP_BOUND_THREAD,40000, 4, 366.150862
COMP_BOUND_THREAD,40000, 5, 296.110529
COMP_BOUND_THREAD,40000, 6, 252.401577
COMP_BOUND_THREAD,40000, 7, 217.060529
COMP_BOUND_THREAD,40000, 8, 193.434222
COMP_BOUND_THREAD,40000, 9, 166.307426
COMP_BOUND_THREAD,40000, 10, 160.544420
COMP_BOUND_THREAD,40000, 11, 136.365793
COMP_BOUND_THREAD,40000, 12, 118.580233
COMP_BOUND_SERIAL,40000, 1, 1343.186592
COMP_BOUND_THREAD,40000, 1, 1356.320482
COMP_BOUND_THREAD,40000, 2, 678.896629
COMP_BOUND_THREAD,40000, 3, 464.902403
COMP_BOUND_THREAD,40000, 4, 348.007060
COMP_BOUND_THREAD,40000, 5, 293.826860
COMP_BOUND_THREAD,40000, 6, 255.418534
COMP_BOUND_THREAD,40000, 7, 223.706163
COMP_BOUND_THREAD,40000, 8, 193.495023
COMP_BOUND_THREAD,40000, 9, 177.576727
COMP_BOUND_THREAD,40000, 10, 161.735478
COMP_BOUND_THREAD,40000, 11, 143.179681
COMP_BOUND_THREAD,40000, 12, 138.345965
COMP_BOUND_SERIAL,40000, 1, 1419.418814
COMP_BOUND_THREAD,40000, 1, 1411.177370
COMP_BOUND_THREAD,40000, 2, 691.409224
COMP_BOUND_THREAD,40000, 3, 469.472963
COMP_BOUND_THREAD,40000, 4, 376.827096
COMP_BOUND_THREAD,40000, 5, 301.693092
COMP_BOUND_THREAD,40000, 6, 247.994875
COMP_BOUND_THREAD,40000, 7, 220.426460
COMP_BOUND_THREAD,40000, 8, 190.923103
COMP_BOUND_THREAD,40000, 9, 168.227882
COMP_BOUND_THREAD,40000, 10, 159.716650
COMP_BOUND_THREAD,40000, 11, 141.181283
COMP_BOUND_THREAD,40000, 12, 124.500896
COMP_BOUND_SERIAL,40000, 1, 1367.211842
COMP_BOUND_THREAD,40000, 1, 1361.716398
COMP_BOUND_THREAD,40000, 2, 679.131439
COMP_BOUND_THREAD,40000, 3, 463.489064
COMP_BOUND_THREAD,40000, 4, 363.263623
COMP_BOUND_THREAD,40000, 5, 303.279328
COMP_BOUND_THREAD,40000, 6, 255.386725
COMP_BOUND_THREAD,40000, 7, 220.964685
COMP_BOUND_THREAD,40000, 8, 190.826948
COMP_BOUND_THREAD,40000, 9, 170.150976
COMP_BOUND_THREAD,40000, 10, 154.687979
COMP_BOUND_THREAD,40000, 11, 136.415889
COMP_BOUND_THREAD,40000, 12, 121.004054
COMP_BOUND_SERIAL,40000, 1, 1350.767066
COMP_BOUND_THREAD,40000, 1, 1353.087874
COMP_BOUND_THREAD,40000, 2, 677.756598
COMP_BOUND_THREAD,40000, 3, 471.018296
COMP_BOUND_THREAD,40000, 4, 366.362683
COMP_BOUND_THREAD,40000, 5, 296.874972
COMP_BOUND_THREAD,40000, 6, 248.962523
COMP_BOUND_THREAD,40000, 7, 220.712802
COMP_BOUND_THREAD,40000, 8, 191.106026
COMP_BOUND_THREAD,40000, 9, 165.459583
COMP_BOUND_THREAD,40000, 10, 154.870419
COMP_BOUND_THREAD,40000, 11, 139.688902
COMP_BOUND_THREAD,40000, 12, 141.972689
COMP_BOUND_SERIAL,40000, 1, 1351.311102
COMP_BOUND_THREAD,40000, 1, 1343.345617
COMP_BOUND_THREAD,40000, 2, 678.320744
COMP_BOUND_THREAD,40000, 3, 457.572939
COMP_BOUND_THREAD,40000, 4, 365.099658
COMP_BOUND_THREAD,40000, 5, 282.148965
COMP_BOUND_THREAD,40000, 6, 257.698552
COMP_BOUND_THREAD,40000, 7, 213.319350
COMP_BOUND_THREAD,40000, 8, 190.616856
COMP_BOUND_THREAD,40000, 9, 170.927697
COMP_BOUND_THREAD,40000, 10, 162.916599
COMP_BOUND_THREAD,40000, 11, 144.410405
COMP_BOUND_THREAD,40000, 12, 125.851067
COMP_BOUND_SERIAL,40000, 1, 1348.109135
COMP_BOUND_THREAD,40000, 1, 1351.986931
COMP_BOUND_THREAD,40000, 2, 679.575369
COMP_BOUND_THREAD,40000, 3, 458.211477
COMP_BOUND_THREAD,40000, 4, 354.500327
COMP_BOUND_THREAD,40000, 5, 282.990479
COMP_BOUND_THREAD,40000, 6, 256.728587
COMP_BOUND_THREAD,40000, 7, 221.477769
COMP_BOUND_THREAD,40000, 8, 190.286241
COMP_BOUND_THREAD,40000, 9, 167.183099
COMP_BOUND_THREAD,40000, 10, 153.968856
COMP_BOUND_THREAD,40000, 11, 143.101005
COMP_BOUND_THREAD,40000, 12, 119.544832
MEMO_BOUND_SERIAL,100000000, 1, 137.175978
MEMO_BOUND_THREAD,100000000, 1, 136.574704
MEMO_BOUND_THREAD,100000000, 2, 69.368743
MEMO_BOUND_THREAD,100000000, 3, 48.089119
MEMO_BOUND_THREAD,100000000, 4, 36.240259
MEMO_BOUND_THREAD,100000000, 5, 31.622252
MEMO_BOUND_THREAD,100000000, 6, 34.366766
MEMO_BOUND_THREAD,100000000, 7, 35.010223
MEMO_BOUND_THREAD,100000000, 8, 36.026383
MEMO_BOUND_THREAD,100000000, 9, 33.083757
MEMO_BOUND_THREAD,100000000, 10, 33.049115
MEMO_BOUND_THREAD,100000000, 11, 34.734759
MEMO_BOUND_THREAD,100000000, 12, 33.318679
MEMO_BOUND_SERIAL,100000000, 1, 142.123942
MEMO_BOUND_THREAD,100000000, 1, 143.286175
MEMO_BOUND_THREAD,100000000, 2, 72.080227
MEMO_BOUND_THREAD,100000000, 3, 49.258129
MEMO_BOUND_THREAD,100000000, 4, 37.193877
MEMO_BOUND_THREAD,100000000, 5, 34.350143
MEMO_BOUND_THREAD,100000000, 6, 34.804745
MEMO_BOUND_THREAD,100000000, 7, 34.500153
MEMO_BOUND_THREAD,100000000, 8, 33.361688
MEMO_BOUND_THREAD,100000000, 9, 33.870512
MEMO_BOUND_THREAD,100000000, 10, 33.048217
MEMO_BOUND_THREAD,100000000, 11, 33.538968
MEMO_BOUND_THREAD,100000000, 12, 34.722648
MEMO_BOUND_SERIAL,100000000, 1, 146.251012
MEMO_BOUND_THREAD,100000000, 1, 140.288201
MEMO_BOUND_THREAD,100000000, 2, 71.091577
MEMO_BOUND_THREAD,100000000, 3, 47.183065
MEMO_BOUND_THREAD,100000000, 4, 36.538970
MEMO_BOUND_THREAD,100000000, 5, 33.019496
MEMO_BOUND_THREAD,100000000, 6, 33.747341
MEMO_BOUND_THREAD,100000000, 7, 34.282950
MEMO_BOUND_THREAD,100000000, 8, 31.900745
MEMO_BOUND_THREAD,100000000, 9, 31.805166
MEMO_BOUND_THREAD,100000000, 10, 32.155384
MEMO_BOUND_THREAD,100000000, 11, 32.073953
MEMO_BOUND_THREAD,100000000, 12, 32.184133
MEMO_BOUND_SERIAL,100000000, 1, 139.803869
MEMO_BOUND_THREAD,100000000, 1, 138.023985
MEMO_BOUND_THREAD,100000000, 2, 69.080215
MEMO_BOUND_THREAD,100000000, 3, 47.484797
MEMO_BOUND_THREAD,100000000, 4, 35.534361
MEMO_BOUND_THREAD,100000000, 5, 31.941810
MEMO_BOUND_THREAD,100000000, 6, 33.905889
MEMO_BOUND_THREAD,100000000, 7, 33.333175
MEMO_BOUND_THREAD,100000000, 8, 33.131195
MEMO_BOUND_THREAD,100000000, 9, 31.753754
MEMO_BOUND_THREAD,100000000, 10, 32.116836
MEMO_BOUND_THREAD,100000000, 11, 32.475799
MEMO_BOUND_THREAD,100000000, 12, 32.177865
MEMO_BOUND_SERIAL,100000000, 1, 141.799416
MEMO_BOUND_THREAD,100000000, 1, 139.460576
MEMO_BOUND_THREAD,100000000, 2, 71.215140
MEMO_BOUND_THREAD,100000000, 3, 48.228413
MEMO_BOUND_THREAD,100000000, 4, 35.802063
MEMO_BOUND_THREAD,100000000, 5, 32.692388
MEMO_BOUND_THREAD,100000000, 6, 33.095661
MEMO_BOUND_THREAD,100000000, 7, 33.104232
MEMO_BOUND_THREAD,100000000, 8, 31.831769
MEMO_BOUND_THREAD,100000000, 9, 32.571586
MEMO_BOUND_THREAD,100000000, 10, 31.532594
MEMO_BOUND_THREAD,100000000, 11, 32.769941
MEMO_BOUND_THREAD,100000000, 12, 32.801951
MEMO_BOUND_SERIAL,100000000, 1, 140.128900
MEMO_BOUND_THREAD,100000000, 1, 136.851101
MEMO_BOUND_THREAD,100000000, 2, 69.443434
MEMO_BOUND_THREAD,100000000, 3, 48.147581
MEMO_BOUND_THREAD,100000000, 4, 35.377773
MEMO_BOUND_THREAD,100000000, 5, 32.286165
MEMO_BOUND_THREAD,100000000, 6, 34.700216
MEMO_BOUND_THREAD,100000000, 7, 34.795226
MEMO_BOUND_THREAD,100000000, 8, 32.951271
MEMO_BOUND_THREAD,100000000, 9, 32.470409
MEMO_BOUND_THREAD,100000000, 10, 31.564732
MEMO_BOUND_THREAD,100000000, 11, 31.555377
MEMO_BOUND_THREAD,100000000, 12, 32.835263
MEMO_BOUND_SERIAL,100000000, 1, 141.090440
MEMO_BOUND_THREAD,100000000, 1, 137.312208
MEMO_BOUND_THREAD,100000000, 2, 70.554301
MEMO_BOUND_THREAD,100000000, 3, 46.538957
MEMO_BOUND_THREAD,100000000, 4, 35.197361
MEMO_BOUND_THREAD,100000000, 5, 32.856050
MEMO_BOUND_THREAD,100000000, 6, 32.364175
MEMO_BOUND_THREAD,100000000, 7, 37.303843
MEMO_BOUND_THREAD,100000000, 8, 31.797659
MEMO_BOUND_THREAD,100000000, 9, 32.964980
MEMO_BOUND_THREAD,100000000, 10, 31.748698
MEMO_BOUND_THREAD,100000000, 11, 32.260133
MEMO_BOUND_THREAD,100000000, 12, 32.723816
MEMO_BOUND_SERIAL,100000000, 1, 137.739152
MEMO_BOUND_THREAD,100000000, 1, 135.340959
MEMO_BOUND_THREAD,100000000, 2, 71.687231
MEMO_BOUND_THREAD,100000000, 3, 46.817743
MEMO_BOUND_THREAD,100000000, 4, 34.908772
MEMO_BOUND_THREAD,100000000, 5, 32.135882
MEMO_BOUND_THREAD,100000000, 6, 32.857559
MEMO_BOUND_THREAD,100000000, 7, 31.926370
MEMO_BOUND_THREAD,100000000, 8, 32.607962
MEMO_BOUND_THREAD,100000000, 9, 32.365938
MEMO_BOUND_THREAD,100000000, 10, 33.314923
MEMO_BOUND_THREAD,100000000, 11, 33.682199
MEMO_BOUND_THREAD,100000000, 12, 34.714164
MEMO_BOUND_SERIAL,100000000, 1, 142.935750
MEMO_BOUND_THREAD,100000000, 1, 140.863571
MEMO_BOUND_THREAD,100000000, 2, 71.169493
MEMO_BOUND_THREAD,100000000, 3, 47.895617
MEMO_BOUND_THREAD,100000000, 4, 36.060341
MEMO_BOUND_THREAD,100000000, 5, 35.052735
MEMO_BOUND_THREAD,100000000, 6, 33.411036
MEMO_BOUND_THREAD,100000000, 7, 35.377826
MEMO_BOUND_THREAD,100000000, 8, 33.443368
MEMO_BOUND_THREAD,100000000, 9, 32.315363
MEMO_BOUND_THREAD,100000000, 10, 32.874497
MEMO_BOUND_THREAD,100000000, 11, 34.849113
MEMO_BOUND_THREAD,100000000, 12, 35.044924
MEMO_BOUND_SERIAL,100000000, 1, 143.636316
MEMO_BOUND_THREAD,100000000, 1, 143.254910
MEMO_BOUND_THREAD,100000000, 2, 68.008007
MEMO_BOUND_THREAD,100000000, 3, 47.161230
MEMO_BOUND_THREAD,100000000, 4, 35.360518
MEMO_BOUND_THREAD,100000000, 5, 33.979117
MEMO_BOUND_THREAD,100000000, 6, 34.254741
MEMO_BOUND_THREAD,100000000, 7, 35.172636
MEMO_BOUND_THREAD,100000000, 8, 33.855185
MEMO_BOUND_THREAD,100000000, 9, 32.381122
MEMO_BOUND_THREAD,100000000, 10, 32.876582
MEMO_BOUND_THREAD,100000000, 11, 31.991725
MEMO_BOUND_THREAD,100000000, 12, 32.363350
